variable,shape,minimum,maximum,mean,trainable,model
quant_conv1/kernel_min:0,"(8,)",-1.1543610095977783,-6.917638797942008e-14,-0.627483606338501,False,hard_qat
quant_conv1/kernel_max:0,"(8,)",6.917638797942008e-14,1.1543610095977783,0.627483606338501,False,hard_qat
quant_conv1/post_activation_min:0,(),-9.967329978942871,-9.967329978942871,-9.967329978942871,False,hard_qat
quant_conv1/post_activation_max:0,(),11.858901023864746,11.858901023864746,11.858901023864746,False,hard_qat
quant_conv1_relu/output_min:0,(),-0.014827907085418701,-0.014827907085418701,-0.014827907085418701,False,hard_qat
quant_conv1_relu/output_max:0,(),6.0,6.0,6.0,False,hard_qat
quant_conv_dw_1/depthwise_kernel_min:0,"(1,)",-23.059633255004883,-23.059633255004883,-23.059633255004883,False,hard_qat
quant_conv_dw_1/depthwise_kernel_max:0,"(1,)",23.059633255004883,23.059633255004883,23.059633255004883,False,hard_qat
quant_conv_dw_1/post_activation_min:0,(),-131.28048706054688,-131.28048706054688,-131.28048706054688,False,hard_qat
quant_conv_dw_1/post_activation_max:0,(),79.64215850830078,79.64215850830078,79.64215850830078,False,hard_qat
quant_conv_dw_1_relu/output_min:0,(),-0.014827907085418701,-0.014827907085418701,-0.014827907085418701,False,hard_qat
quant_conv_dw_1_relu/output_max:0,(),6.0,6.0,6.0,False,hard_qat
quant_conv_pw_1/kernel_min:0,"(16,)",-1.5826321840286255,-2.86069751871329e-13,-0.854236364364624,False,hard_qat
quant_conv_pw_1/kernel_max:0,"(16,)",2.86069751871329e-13,1.5826321840286255,0.854236364364624,False,hard_qat
quant_conv_pw_1/post_activation_min:0,(),-9.241874694824219,-9.241874694824219,-9.241874694824219,False,hard_qat
quant_conv_pw_1/post_activation_max:0,(),9.09330940246582,9.09330940246582,9.09330940246582,False,hard_qat
quant_conv_pw_1_relu/output_min:0,(),-0.014827907085418701,-0.014827907085418701,-0.014827907085418701,False,hard_qat
quant_conv_pw_1_relu/output_max:0,(),6.0,6.0,6.0,False,hard_qat
quant_conv_dw_2/depthwise_kernel_min:0,"(1,)",-14.364436149597168,-14.364436149597168,-14.364436149597168,False,hard_qat
quant_conv_dw_2/depthwise_kernel_max:0,"(1,)",14.364436149597168,14.364436149597168,14.364436149597168,False,hard_qat
quant_conv_dw_2/post_activation_min:0,(),-106.51570129394531,-106.51570129394531,-106.51570129394531,False,hard_qat
quant_conv_dw_2/post_activation_max:0,(),113.17903900146484,113.17903900146484,113.17903900146484,False,hard_qat
quant_conv_dw_2_relu/output_min:0,(),-0.014827907085418701,-0.014827907085418701,-0.014827907085418701,False,hard_qat
quant_conv_dw_2_relu/output_max:0,(),6.0,6.0,6.0,False,hard_qat
quant_conv_pw_2/kernel_min:0,"(32,)",-2.4501678943634033,-1.5168176773199676e-13,-1.0196712017059326,False,hard_qat
quant_conv_pw_2/kernel_max:0,"(32,)",1.5168176773199676e-13,2.4501678943634033,1.0196712017059326,False,hard_qat
quant_conv_pw_2/post_activation_min:0,(),-10.147778511047363,-10.147778511047363,-10.147778511047363,False,hard_qat
quant_conv_pw_2/post_activation_max:0,(),20.022903442382812,20.022903442382812,20.022903442382812,False,hard_qat
quant_conv_pw_2_relu/output_min:0,(),-0.014827907085418701,-0.014827907085418701,-0.014827907085418701,False,hard_qat
quant_conv_pw_2_relu/output_max:0,(),6.0,6.0,6.0,False,hard_qat
quant_conv_dw_3/depthwise_kernel_min:0,"(1,)",-26.142410278320312,-26.142410278320312,-26.142410278320312,False,hard_qat
quant_conv_dw_3/depthwise_kernel_max:0,"(1,)",26.142410278320312,26.142410278320312,26.142410278320312,False,hard_qat
quant_conv_dw_3/post_activation_min:0,(),-151.4217529296875,-151.4217529296875,-151.4217529296875,False,hard_qat
quant_conv_dw_3/post_activation_max:0,(),137.48487854003906,137.48487854003906,137.48487854003906,False,hard_qat
quant_conv_dw_3_relu/output_min:0,(),-0.014827907085418701,-0.014827907085418701,-0.014827907085418701,False,hard_qat
quant_conv_dw_3_relu/output_max:0,(),6.0,6.0,6.0,False,hard_qat
quant_conv_pw_3/kernel_min:0,"(32,)",-1.9693654775619507,-0.36680352687835693,-1.0245792865753174,False,hard_qat
quant_conv_pw_3/kernel_max:0,"(32,)",0.36680352687835693,1.9693654775619507,1.0245792865753174,False,hard_qat
quant_conv_pw_3/post_activation_min:0,(),-19.220809936523438,-19.220809936523438,-19.220809936523438,False,hard_qat
quant_conv_pw_3/post_activation_max:0,(),18.870038986206055,18.870038986206055,18.870038986206055,False,hard_qat
quant_conv_pw_3_relu/output_min:0,(),-0.014827907085418701,-0.014827907085418701,-0.014827907085418701,False,hard_qat
quant_conv_pw_3_relu/output_max:0,(),6.0,6.0,6.0,False,hard_qat
quant_conv_dw_4/depthwise_kernel_min:0,"(1,)",-4.90031623840332,-4.90031623840332,-4.90031623840332,False,hard_qat
quant_conv_dw_4/depthwise_kernel_max:0,"(1,)",4.90031623840332,4.90031623840332,4.90031623840332,False,hard_qat
quant_conv_dw_4/post_activation_min:0,(),-108.29894256591797,-108.29894256591797,-108.29894256591797,False,hard_qat
quant_conv_dw_4/post_activation_max:0,(),119.15532684326172,119.15532684326172,119.15532684326172,False,hard_qat
quant_conv_dw_4_relu/output_min:0,(),-0.014827907085418701,-0.014827907085418701,-0.014827907085418701,False,hard_qat
quant_conv_dw_4_relu/output_max:0,(),6.0,6.0,6.0,False,hard_qat
quant_conv_pw_4/kernel_min:0,"(64,)",-1.6810972690582275,-0.33132240176200867,-0.7898522615432739,False,hard_qat
quant_conv_pw_4/kernel_max:0,"(64,)",0.33132240176200867,1.6810972690582275,0.7898522615432739,False,hard_qat
quant_conv_pw_4/post_activation_min:0,(),-10.61007308959961,-10.61007308959961,-10.61007308959961,False,hard_qat
quant_conv_pw_4/post_activation_max:0,(),12.556327819824219,12.556327819824219,12.556327819824219,False,hard_qat
quant_conv_pw_4_relu/output_min:0,(),-0.014827907085418701,-0.014827907085418701,-0.014827907085418701,False,hard_qat
quant_conv_pw_4_relu/output_max:0,(),6.0,6.0,6.0,False,hard_qat
quant_conv_dw_5/depthwise_kernel_min:0,"(1,)",-16.75141716003418,-16.75141716003418,-16.75141716003418,False,hard_qat
quant_conv_dw_5/depthwise_kernel_max:0,"(1,)",16.75141716003418,16.75141716003418,16.75141716003418,False,hard_qat
quant_conv_dw_5/post_activation_min:0,(),-61.13442611694336,-61.13442611694336,-61.13442611694336,False,hard_qat
quant_conv_dw_5/post_activation_max:0,(),65.64568328857422,65.64568328857422,65.64568328857422,False,hard_qat
quant_conv_dw_5_relu/output_min:0,(),-0.014827907085418701,-0.014827907085418701,-0.014827907085418701,False,hard_qat
quant_conv_dw_5_relu/output_max:0,(),6.0,6.0,6.0,False,hard_qat
quant_conv_pw_5/kernel_min:0,"(64,)",-1.4660106897354126,-1.4096460543983058e-13,-0.7944291830062866,False,hard_qat
quant_conv_pw_5/kernel_max:0,"(64,)",1.4096460543983058e-13,1.4660106897354126,0.7944291830062866,False,hard_qat
quant_conv_pw_5/post_activation_min:0,(),-16.505756378173828,-16.505756378173828,-16.505756378173828,False,hard_qat
quant_conv_pw_5/post_activation_max:0,(),15.22209358215332,15.22209358215332,15.22209358215332,False,hard_qat
quant_conv_pw_5_relu/output_min:0,(),-0.014827907085418701,-0.014827907085418701,-0.014827907085418701,False,hard_qat
quant_conv_pw_5_relu/output_max:0,(),6.0,6.0,6.0,False,hard_qat
quant_conv_dw_6/depthwise_kernel_min:0,"(1,)",-4.432827472686768,-4.432827472686768,-4.432827472686768,False,hard_qat
quant_conv_dw_6/depthwise_kernel_max:0,"(1,)",4.432827472686768,4.432827472686768,4.432827472686768,False,hard_qat
quant_conv_dw_6/post_activation_min:0,(),-83.63258361816406,-83.63258361816406,-83.63258361816406,False,hard_qat
quant_conv_dw_6/post_activation_max:0,(),86.16758728027344,86.16758728027344,86.16758728027344,False,hard_qat
quant_conv_dw_6_relu/output_min:0,(),-0.014827907085418701,-0.014827907085418701,-0.014827907085418701,False,hard_qat
quant_conv_dw_6_relu/output_max:0,(),5.999996185302734,5.999996185302734,5.999996185302734,False,hard_qat
quant_conv_pw_6/kernel_min:0,"(128,)",-1.2531797885894775,-0.2546737492084503,-0.6121583580970764,False,hard_qat
quant_conv_pw_6/kernel_max:0,"(128,)",0.2546737492084503,1.2531797885894775,0.6121583580970764,False,hard_qat
quant_conv_pw_6/post_activation_min:0,(),-11.319191932678223,-11.319191932678223,-11.319191932678223,False,hard_qat
quant_conv_pw_6/post_activation_max:0,(),15.208548545837402,15.208548545837402,15.208548545837402,False,hard_qat
quant_conv_pw_6_relu/output_min:0,(),-0.014827907085418701,-0.014827907085418701,-0.014827907085418701,False,hard_qat
quant_conv_pw_6_relu/output_max:0,(),6.0,6.0,6.0,False,hard_qat
quant_conv_dw_7/depthwise_kernel_min:0,"(1,)",-11.182705879211426,-11.182705879211426,-11.182705879211426,False,hard_qat
quant_conv_dw_7/depthwise_kernel_max:0,"(1,)",11.182705879211426,11.182705879211426,11.182705879211426,False,hard_qat
quant_conv_dw_7/post_activation_min:0,(),-71.02124786376953,-71.02124786376953,-71.02124786376953,False,hard_qat
quant_conv_dw_7/post_activation_max:0,(),53.03661346435547,53.03661346435547,53.03661346435547,False,hard_qat
quant_conv_dw_7_relu/output_min:0,(),-0.014827907085418701,-0.014827907085418701,-0.014827907085418701,False,hard_qat
quant_conv_dw_7_relu/output_max:0,(),6.0,6.0,6.0,False,hard_qat
quant_conv_pw_7/kernel_min:0,"(128,)",-1.0998104810714722,-0.2754337787628174,-0.5585845112800598,False,hard_qat
quant_conv_pw_7/kernel_max:0,"(128,)",0.2754337787628174,1.0998104810714722,0.5585845112800598,False,hard_qat
quant_conv_pw_7/post_activation_min:0,(),-21.422115325927734,-21.422115325927734,-21.422115325927734,False,hard_qat
quant_conv_pw_7/post_activation_max:0,(),14.905860900878906,14.905860900878906,14.905860900878906,False,hard_qat
quant_conv_pw_7_relu/output_min:0,(),-0.014827907085418701,-0.014827907085418701,-0.014827907085418701,False,hard_qat
quant_conv_pw_7_relu/output_max:0,(),6.0,6.0,6.0,False,hard_qat
quant_conv_dw_8/depthwise_kernel_min:0,"(1,)",-8.477487564086914,-8.477487564086914,-8.477487564086914,False,hard_qat
quant_conv_dw_8/depthwise_kernel_max:0,"(1,)",8.477487564086914,8.477487564086914,8.477487564086914,False,hard_qat
quant_conv_dw_8/post_activation_min:0,(),-56.9824104309082,-56.9824104309082,-56.9824104309082,False,hard_qat
quant_conv_dw_8/post_activation_max:0,(),54.40871810913086,54.40871810913086,54.40871810913086,False,hard_qat
quant_conv_dw_8_relu/output_min:0,(),-0.014827907085418701,-0.014827907085418701,-0.014827907085418701,False,hard_qat
quant_conv_dw_8_relu/output_max:0,(),5.999761581420898,5.999761581420898,5.999761581420898,False,hard_qat
quant_conv_pw_8/kernel_min:0,"(128,)",-1.2120509147644043,-0.2694459855556488,-0.5091564655303955,False,hard_qat
quant_conv_pw_8/kernel_max:0,"(128,)",0.2694459855556488,1.2120509147644043,0.5091564655303955,False,hard_qat
quant_conv_pw_8/post_activation_min:0,(),-10.148225784301758,-10.148225784301758,-10.148225784301758,False,hard_qat
quant_conv_pw_8/post_activation_max:0,(),15.70411491394043,15.70411491394043,15.70411491394043,False,hard_qat
quant_conv_pw_8_relu/output_min:0,(),-0.014827907085418701,-0.014827907085418701,-0.014827907085418701,False,hard_qat
quant_conv_pw_8_relu/output_max:0,(),6.0,6.0,6.0,False,hard_qat
quant_conv_dw_9/depthwise_kernel_min:0,"(1,)",-10.397944450378418,-10.397944450378418,-10.397944450378418,False,hard_qat
quant_conv_dw_9/depthwise_kernel_max:0,"(1,)",10.397944450378418,10.397944450378418,10.397944450378418,False,hard_qat
quant_conv_dw_9/post_activation_min:0,(),-57.73772048950195,-57.73772048950195,-57.73772048950195,False,hard_qat
quant_conv_dw_9/post_activation_max:0,(),48.52800369262695,48.52800369262695,48.52800369262695,False,hard_qat
quant_conv_dw_9_relu/output_min:0,(),-0.014827907085418701,-0.014827907085418701,-0.014827907085418701,False,hard_qat
quant_conv_dw_9_relu/output_max:0,(),5.999761581420898,5.999761581420898,5.999761581420898,False,hard_qat
quant_conv_pw_9/kernel_min:0,"(128,)",-1.0965063571929932,-0.20644685626029968,-0.48436757922172546,False,hard_qat
quant_conv_pw_9/kernel_max:0,"(128,)",0.20644685626029968,1.0965063571929932,0.48436757922172546,False,hard_qat
quant_conv_pw_9/post_activation_min:0,(),-8.833245277404785,-8.833245277404785,-8.833245277404785,False,hard_qat
quant_conv_pw_9/post_activation_max:0,(),14.768460273742676,14.768460273742676,14.768460273742676,False,hard_qat
quant_conv_pw_9_relu/output_min:0,(),-0.014827907085418701,-0.014827907085418701,-0.014827907085418701,False,hard_qat
quant_conv_pw_9_relu/output_max:0,(),6.0,6.0,6.0,False,hard_qat
quant_conv_dw_10/depthwise_kernel_min:0,"(1,)",-9.02135181427002,-9.02135181427002,-9.02135181427002,False,hard_qat
quant_conv_dw_10/depthwise_kernel_max:0,"(1,)",9.02135181427002,9.02135181427002,9.02135181427002,False,hard_qat
quant_conv_dw_10/post_activation_min:0,(),-55.71489715576172,-55.71489715576172,-55.71489715576172,False,hard_qat
quant_conv_dw_10/post_activation_max:0,(),47.887237548828125,47.887237548828125,47.887237548828125,False,hard_qat
quant_conv_dw_10_relu/output_min:0,(),-0.014827907085418701,-0.014827907085418701,-0.014827907085418701,False,hard_qat
quant_conv_dw_10_relu/output_max:0,(),6.0,6.0,6.0,False,hard_qat
quant_conv_pw_10/kernel_min:0,"(128,)",-1.0107789039611816,-0.3151756823062897,-0.48619160056114197,False,hard_qat
quant_conv_pw_10/kernel_max:0,"(128,)",0.3151756823062897,1.0107789039611816,0.48619160056114197,False,hard_qat
quant_conv_pw_10/post_activation_min:0,(),-10.10047435760498,-10.10047435760498,-10.10047435760498,False,hard_qat
quant_conv_pw_10/post_activation_max:0,(),13.517889022827148,13.517889022827148,13.517889022827148,False,hard_qat
quant_conv_pw_10_relu/output_min:0,(),-0.014827907085418701,-0.014827907085418701,-0.014827907085418701,False,hard_qat
quant_conv_pw_10_relu/output_max:0,(),6.0,6.0,6.0,False,hard_qat
quant_conv_dw_11/depthwise_kernel_min:0,"(1,)",-6.320093631744385,-6.320093631744385,-6.320093631744385,False,hard_qat
quant_conv_dw_11/depthwise_kernel_max:0,"(1,)",6.320093631744385,6.320093631744385,6.320093631744385,False,hard_qat
quant_conv_dw_11/post_activation_min:0,(),-59.27899932861328,-59.27899932861328,-59.27899932861328,False,hard_qat
quant_conv_dw_11/post_activation_max:0,(),57.83713150024414,57.83713150024414,57.83713150024414,False,hard_qat
quant_conv_dw_11_relu/output_min:0,(),-0.014827907085418701,-0.014827907085418701,-0.014827907085418701,False,hard_qat
quant_conv_dw_11_relu/output_max:0,(),6.0,6.0,6.0,False,hard_qat
quant_conv_pw_11/kernel_min:0,"(128,)",-0.9474742412567139,-0.18606877326965332,-0.46629196405410767,False,hard_qat
quant_conv_pw_11/kernel_max:0,"(128,)",0.18606877326965332,0.9474742412567139,0.46629196405410767,False,hard_qat
quant_conv_pw_11/post_activation_min:0,(),-13.481621742248535,-13.481621742248535,-13.481621742248535,False,hard_qat
quant_conv_pw_11/post_activation_max:0,(),12.512795448303223,12.512795448303223,12.512795448303223,False,hard_qat
quant_conv_pw_11_relu/output_min:0,(),-0.014827907085418701,-0.014827907085418701,-0.014827907085418701,False,hard_qat
quant_conv_pw_11_relu/output_max:0,(),6.0,6.0,6.0,False,hard_qat
quant_conv_dw_12/depthwise_kernel_min:0,"(1,)",-3.6383163928985596,-3.6383163928985596,-3.6383163928985596,False,hard_qat
quant_conv_dw_12/depthwise_kernel_max:0,"(1,)",3.6383163928985596,3.6383163928985596,3.6383163928985596,False,hard_qat
quant_conv_dw_12/post_activation_min:0,(),-53.840309143066406,-53.840309143066406,-53.840309143066406,False,hard_qat
quant_conv_dw_12/post_activation_max:0,(),49.68703842163086,49.68703842163086,49.68703842163086,False,hard_qat
quant_conv_dw_12_relu/output_min:0,(),-0.014827907085418701,-0.014827907085418701,-0.014827907085418701,False,hard_qat
quant_conv_dw_12_relu/output_max:0,(),6.0,6.0,6.0,False,hard_qat
quant_conv_pw_12/kernel_min:0,"(256,)",-0.9733409881591797,-3.6466435340137826e-13,-0.3723349869251251,False,hard_qat
quant_conv_pw_12/kernel_max:0,"(256,)",3.6466435340137826e-13,0.9733409881591797,0.3723349869251251,False,hard_qat
quant_conv_pw_12/post_activation_min:0,(),-9.47404670715332,-9.47404670715332,-9.47404670715332,False,hard_qat
quant_conv_pw_12/post_activation_max:0,(),11.63532829284668,11.63532829284668,11.63532829284668,False,hard_qat
quant_conv_pw_12_relu/output_min:0,(),-0.014827907085418701,-0.014827907085418701,-0.014827907085418701,False,hard_qat
quant_conv_pw_12_relu/output_max:0,(),6.0,6.0,6.0,False,hard_qat
quant_conv_dw_13/depthwise_kernel_min:0,"(1,)",-3.499096632003784,-3.499096632003784,-3.499096632003784,False,hard_qat
quant_conv_dw_13/depthwise_kernel_max:0,"(1,)",3.499096632003784,3.499096632003784,3.499096632003784,False,hard_qat
quant_conv_dw_13/post_activation_min:0,(),-45.9750862121582,-45.9750862121582,-45.9750862121582,False,hard_qat
quant_conv_dw_13/post_activation_max:0,(),44.457218170166016,44.457218170166016,44.457218170166016,False,hard_qat
quant_conv_dw_13_relu/output_min:0,(),-0.014827907085418701,-0.014827907085418701,-0.014827907085418701,False,hard_qat
quant_conv_dw_13_relu/output_max:0,(),6.0,6.0,6.0,False,hard_qat
quant_conv_pw_13/kernel_min:0,"(256,)",-1.493770956993103,-0.23354630172252655,-0.4516417980194092,False,hard_qat
quant_conv_pw_13/kernel_max:0,"(256,)",0.23354630172252655,1.493770956993103,0.4516417980194092,False,hard_qat
quant_conv_pw_13/post_activation_min:0,(),-9.002331733703613,-9.002331733703613,-9.002331733703613,False,hard_qat
quant_conv_pw_13/post_activation_max:0,(),8.144210815429688,8.144210815429688,8.144210815429688,False,hard_qat
quant_conv_pw_13_relu/output_min:0,(),-0.014827907085418701,-0.014827907085418701,-0.014827907085418701,False,hard_qat
quant_conv_pw_13_relu/output_max:0,(),6.0,6.0,6.0,False,hard_qat
quant_person_logit/kernel_min:0,(),-0.16024249792099,-0.16024249792099,-0.16024249792099,False,hard_qat
quant_person_logit/kernel_max:0,(),0.16024249792099,0.16024249792099,0.16024249792099,False,hard_qat
quant_person_logit/post_activation_min:0,(),-3.595776319503784,-3.595776319503784,-3.595776319503784,False,hard_qat
quant_person_logit/post_activation_max:0,(),4.4792561531066895,4.4792561531066895,4.4792561531066895,False,hard_qat
quant_conv1/kernel_min:0,"(8,)",-1.1543539762496948,-6.917638797942008e-14,-0.6274692416191101,False,fixed_teacher_qat_kd
quant_conv1/kernel_max:0,"(8,)",6.917638797942008e-14,1.1543539762496948,0.6274692416191101,False,fixed_teacher_qat_kd
quant_conv1/post_activation_min:0,(),-9.8770751953125,-9.8770751953125,-9.8770751953125,False,fixed_teacher_qat_kd
quant_conv1/post_activation_max:0,(),11.88367748260498,11.88367748260498,11.88367748260498,False,fixed_teacher_qat_kd
quant_conv1_relu/output_min:0,(),-0.004811215680092573,-0.004811215680092573,-0.004811215680092573,False,fixed_teacher_qat_kd
quant_conv1_relu/output_max:0,(),6.0,6.0,6.0,False,fixed_teacher_qat_kd
quant_conv_dw_1/depthwise_kernel_min:0,"(1,)",-23.05900764465332,-23.05900764465332,-23.05900764465332,False,fixed_teacher_qat_kd
quant_conv_dw_1/depthwise_kernel_max:0,"(1,)",23.05900764465332,23.05900764465332,23.05900764465332,False,fixed_teacher_qat_kd
quant_conv_dw_1/post_activation_min:0,(),-131.55218505859375,-131.55218505859375,-131.55218505859375,False,fixed_teacher_qat_kd
quant_conv_dw_1/post_activation_max:0,(),79.9498291015625,79.9498291015625,79.9498291015625,False,fixed_teacher_qat_kd
quant_conv_dw_1_relu/output_min:0,(),-0.004811215680092573,-0.004811215680092573,-0.004811215680092573,False,fixed_teacher_qat_kd
quant_conv_dw_1_relu/output_max:0,(),6.0,6.0,6.0,False,fixed_teacher_qat_kd
quant_conv_pw_1/kernel_min:0,"(16,)",-1.5831669569015503,-2.86069751871329e-13,-0.8541877269744873,False,fixed_teacher_qat_kd
quant_conv_pw_1/kernel_max:0,"(16,)",2.86069751871329e-13,1.5831669569015503,0.8541877269744873,False,fixed_teacher_qat_kd
quant_conv_pw_1/post_activation_min:0,(),-9.250692367553711,-9.250692367553711,-9.250692367553711,False,fixed_teacher_qat_kd
quant_conv_pw_1/post_activation_max:0,(),9.11708927154541,9.11708927154541,9.11708927154541,False,fixed_teacher_qat_kd
quant_conv_pw_1_relu/output_min:0,(),-0.004811215680092573,-0.004811215680092573,-0.004811215680092573,False,fixed_teacher_qat_kd
quant_conv_pw_1_relu/output_max:0,(),6.0,6.0,6.0,False,fixed_teacher_qat_kd
quant_conv_dw_2/depthwise_kernel_min:0,"(1,)",-14.36444091796875,-14.36444091796875,-14.36444091796875,False,fixed_teacher_qat_kd
quant_conv_dw_2/depthwise_kernel_max:0,"(1,)",14.36444091796875,14.36444091796875,14.36444091796875,False,fixed_teacher_qat_kd
quant_conv_dw_2/post_activation_min:0,(),-106.56192779541016,-106.56192779541016,-106.56192779541016,False,fixed_teacher_qat_kd
quant_conv_dw_2/post_activation_max:0,(),113.13607788085938,113.13607788085938,113.13607788085938,False,fixed_teacher_qat_kd
quant_conv_dw_2_relu/output_min:0,(),-0.004811215680092573,-0.004811215680092573,-0.004811215680092573,False,fixed_teacher_qat_kd
quant_conv_dw_2_relu/output_max:0,(),6.0,6.0,6.0,False,fixed_teacher_qat_kd
quant_conv_pw_2/kernel_min:0,"(32,)",-2.450221300125122,-1.5168176773199676e-13,-1.0196682214736938,False,fixed_teacher_qat_kd
quant_conv_pw_2/kernel_max:0,"(32,)",1.5168176773199676e-13,2.450221300125122,1.0196682214736938,False,fixed_teacher_qat_kd
quant_conv_pw_2/post_activation_min:0,(),-10.169187545776367,-10.169187545776367,-10.169187545776367,False,fixed_teacher_qat_kd
quant_conv_pw_2/post_activation_max:0,(),20.075332641601562,20.075332641601562,20.075332641601562,False,fixed_teacher_qat_kd
quant_conv_pw_2_relu/output_min:0,(),-0.004811215680092573,-0.004811215680092573,-0.004811215680092573,False,fixed_teacher_qat_kd
quant_conv_pw_2_relu/output_max:0,(),6.0,6.0,6.0,False,fixed_teacher_qat_kd
quant_conv_dw_3/depthwise_kernel_min:0,"(1,)",-26.142284393310547,-26.142284393310547,-26.142284393310547,False,fixed_teacher_qat_kd
quant_conv_dw_3/depthwise_kernel_max:0,"(1,)",26.142284393310547,26.142284393310547,26.142284393310547,False,fixed_teacher_qat_kd
quant_conv_dw_3/post_activation_min:0,(),-152.20413208007812,-152.20413208007812,-152.20413208007812,False,fixed_teacher_qat_kd
quant_conv_dw_3/post_activation_max:0,(),136.91566467285156,136.91566467285156,136.91566467285156,False,fixed_teacher_qat_kd
quant_conv_dw_3_relu/output_min:0,(),-0.004811215680092573,-0.004811215680092573,-0.004811215680092573,False,fixed_teacher_qat_kd
quant_conv_dw_3_relu/output_max:0,(),6.0,6.0,6.0,False,fixed_teacher_qat_kd
quant_conv_pw_3/kernel_min:0,"(32,)",-1.968923807144165,-0.3670215308666229,-1.0245871543884277,False,fixed_teacher_qat_kd
quant_conv_pw_3/kernel_max:0,"(32,)",0.3670215308666229,1.968923807144165,1.0245871543884277,False,fixed_teacher_qat_kd
quant_conv_pw_3/post_activation_min:0,(),-19.306373596191406,-19.306373596191406,-19.306373596191406,False,fixed_teacher_qat_kd
quant_conv_pw_3/post_activation_max:0,(),18.922889709472656,18.922889709472656,18.922889709472656,False,fixed_teacher_qat_kd
quant_conv_pw_3_relu/output_min:0,(),-0.004811215680092573,-0.004811215680092573,-0.004811215680092573,False,fixed_teacher_qat_kd
quant_conv_pw_3_relu/output_max:0,(),6.0,6.0,6.0,False,fixed_teacher_qat_kd
quant_conv_dw_4/depthwise_kernel_min:0,"(1,)",-4.900566577911377,-4.900566577911377,-4.900566577911377,False,fixed_teacher_qat_kd
quant_conv_dw_4/depthwise_kernel_max:0,"(1,)",4.900566577911377,4.900566577911377,4.900566577911377,False,fixed_teacher_qat_kd
quant_conv_dw_4/post_activation_min:0,(),-108.55669403076172,-108.55669403076172,-108.55669403076172,False,fixed_teacher_qat_kd
quant_conv_dw_4/post_activation_max:0,(),119.43666076660156,119.43666076660156,119.43666076660156,False,fixed_teacher_qat_kd
quant_conv_dw_4_relu/output_min:0,(),-0.004811215680092573,-0.004811215680092573,-0.004811215680092573,False,fixed_teacher_qat_kd
quant_conv_dw_4_relu/output_max:0,(),6.0,6.0,6.0,False,fixed_teacher_qat_kd
quant_conv_pw_4/kernel_min:0,"(64,)",-1.681025505065918,-0.3316061794757843,-0.7898554801940918,False,fixed_teacher_qat_kd
quant_conv_pw_4/kernel_max:0,"(64,)",0.3316061794757843,1.681025505065918,0.7898554801940918,False,fixed_teacher_qat_kd
quant_conv_pw_4/post_activation_min:0,(),-10.601349830627441,-10.601349830627441,-10.601349830627441,False,fixed_teacher_qat_kd
quant_conv_pw_4/post_activation_max:0,(),12.556273460388184,12.556273460388184,12.556273460388184,False,fixed_teacher_qat_kd
quant_conv_pw_4_relu/output_min:0,(),-0.004811215680092573,-0.004811215680092573,-0.004811215680092573,False,fixed_teacher_qat_kd
quant_conv_pw_4_relu/output_max:0,(),6.0,6.0,6.0,False,fixed_teacher_qat_kd
quant_conv_dw_5/depthwise_kernel_min:0,"(1,)",-16.751422882080078,-16.751422882080078,-16.751422882080078,False,fixed_teacher_qat_kd
quant_conv_dw_5/depthwise_kernel_max:0,"(1,)",16.751422882080078,16.751422882080078,16.751422882080078,False,fixed_teacher_qat_kd
quant_conv_dw_5/post_activation_min:0,(),-61.502174377441406,-61.502174377441406,-61.502174377441406,False,fixed_teacher_qat_kd
quant_conv_dw_5/post_activation_max:0,(),66.35987091064453,66.35987091064453,66.35987091064453,False,fixed_teacher_qat_kd
quant_conv_dw_5_relu/output_min:0,(),-0.004811215680092573,-0.004811215680092573,-0.004811215680092573,False,fixed_teacher_qat_kd
quant_conv_dw_5_relu/output_max:0,(),6.0,6.0,6.0,False,fixed_teacher_qat_kd
quant_conv_pw_5/kernel_min:0,"(64,)",-1.4661234617233276,-1.4096460543983058e-13,-0.7944798469543457,False,fixed_teacher_qat_kd
quant_conv_pw_5/kernel_max:0,"(64,)",1.4096460543983058e-13,1.4661234617233276,0.7944798469543457,False,fixed_teacher_qat_kd
quant_conv_pw_5/post_activation_min:0,(),-16.570436477661133,-16.570436477661133,-16.570436477661133,False,fixed_teacher_qat_kd
quant_conv_pw_5/post_activation_max:0,(),15.25715446472168,15.25715446472168,15.25715446472168,False,fixed_teacher_qat_kd
quant_conv_pw_5_relu/output_min:0,(),-0.004811215680092573,-0.004811215680092573,-0.004811215680092573,False,fixed_teacher_qat_kd
quant_conv_pw_5_relu/output_max:0,(),6.0,6.0,6.0,False,fixed_teacher_qat_kd
quant_conv_dw_6/depthwise_kernel_min:0,"(1,)",-4.433064937591553,-4.433064937591553,-4.433064937591553,False,fixed_teacher_qat_kd
quant_conv_dw_6/depthwise_kernel_max:0,"(1,)",4.433064937591553,4.433064937591553,4.433064937591553,False,fixed_teacher_qat_kd
quant_conv_dw_6/post_activation_min:0,(),-83.55681610107422,-83.55681610107422,-83.55681610107422,False,fixed_teacher_qat_kd
quant_conv_dw_6/post_activation_max:0,(),86.74927520751953,86.74927520751953,86.74927520751953,False,fixed_teacher_qat_kd
quant_conv_dw_6_relu/output_min:0,(),-0.004811215680092573,-0.004811215680092573,-0.004811215680092573,False,fixed_teacher_qat_kd
quant_conv_dw_6_relu/output_max:0,(),6.0,6.0,6.0,False,fixed_teacher_qat_kd
quant_conv_pw_6/kernel_min:0,"(128,)",-1.2529222965240479,-0.25533729791641235,-0.6121631264686584,False,fixed_teacher_qat_kd
quant_conv_pw_6/kernel_max:0,"(128,)",0.25533729791641235,1.2529222965240479,0.6121631264686584,False,fixed_teacher_qat_kd
quant_conv_pw_6/post_activation_min:0,(),-11.264822006225586,-11.264822006225586,-11.264822006225586,False,fixed_teacher_qat_kd
quant_conv_pw_6/post_activation_max:0,(),15.386478424072266,15.386478424072266,15.386478424072266,False,fixed_teacher_qat_kd
quant_conv_pw_6_relu/output_min:0,(),-0.004811215680092573,-0.004811215680092573,-0.004811215680092573,False,fixed_teacher_qat_kd
quant_conv_pw_6_relu/output_max:0,(),6.0,6.0,6.0,False,fixed_teacher_qat_kd
quant_conv_dw_7/depthwise_kernel_min:0,"(1,)",-11.182868957519531,-11.182868957519531,-11.182868957519531,False,fixed_teacher_qat_kd
quant_conv_dw_7/depthwise_kernel_max:0,"(1,)",11.182868957519531,11.182868957519531,11.182868957519531,False,fixed_teacher_qat_kd
quant_conv_dw_7/post_activation_min:0,(),-71.62617492675781,-71.62617492675781,-71.62617492675781,False,fixed_teacher_qat_kd
quant_conv_dw_7/post_activation_max:0,(),52.97684860229492,52.97684860229492,52.97684860229492,False,fixed_teacher_qat_kd
quant_conv_dw_7_relu/output_min:0,(),-0.004811215680092573,-0.004811215680092573,-0.004811215680092573,False,fixed_teacher_qat_kd
quant_conv_dw_7_relu/output_max:0,(),6.0,6.0,6.0,False,fixed_teacher_qat_kd
quant_conv_pw_7/kernel_min:0,"(128,)",-1.0996798276901245,-0.2754828929901123,-0.558578610420227,False,fixed_teacher_qat_kd
quant_conv_pw_7/kernel_max:0,"(128,)",0.2754828929901123,1.0996798276901245,0.558578610420227,False,fixed_teacher_qat_kd
quant_conv_pw_7/post_activation_min:0,(),-21.300790786743164,-21.300790786743164,-21.300790786743164,False,fixed_teacher_qat_kd
quant_conv_pw_7/post_activation_max:0,(),14.871416091918945,14.871416091918945,14.871416091918945,False,fixed_teacher_qat_kd
quant_conv_pw_7_relu/output_min:0,(),-0.004811215680092573,-0.004811215680092573,-0.004811215680092573,False,fixed_teacher_qat_kd
quant_conv_pw_7_relu/output_max:0,(),6.0,6.0,6.0,False,fixed_teacher_qat_kd
quant_conv_dw_8/depthwise_kernel_min:0,"(1,)",-8.477377891540527,-8.477377891540527,-8.477377891540527,False,fixed_teacher_qat_kd
quant_conv_dw_8/depthwise_kernel_max:0,"(1,)",8.477377891540527,8.477377891540527,8.477377891540527,False,fixed_teacher_qat_kd
quant_conv_dw_8/post_activation_min:0,(),-57.1903190612793,-57.1903190612793,-57.1903190612793,False,fixed_teacher_qat_kd
quant_conv_dw_8/post_activation_max:0,(),54.66439437866211,54.66439437866211,54.66439437866211,False,fixed_teacher_qat_kd
quant_conv_dw_8_relu/output_min:0,(),-0.004811215680092573,-0.004811215680092573,-0.004811215680092573,False,fixed_teacher_qat_kd
quant_conv_dw_8_relu/output_max:0,(),5.999761581420898,5.999761581420898,5.999761581420898,False,fixed_teacher_qat_kd
quant_conv_pw_8/kernel_min:0,"(128,)",-1.212005615234375,-0.26940858364105225,-0.5090869665145874,False,fixed_teacher_qat_kd
quant_conv_pw_8/kernel_max:0,"(128,)",0.26940858364105225,1.212005615234375,0.5090869665145874,False,fixed_teacher_qat_kd
quant_conv_pw_8/post_activation_min:0,(),-10.183972358703613,-10.183972358703613,-10.183972358703613,False,fixed_teacher_qat_kd
quant_conv_pw_8/post_activation_max:0,(),15.720884323120117,15.720884323120117,15.720884323120117,False,fixed_teacher_qat_kd
quant_conv_pw_8_relu/output_min:0,(),-0.004811215680092573,-0.004811215680092573,-0.004811215680092573,False,fixed_teacher_qat_kd
quant_conv_pw_8_relu/output_max:0,(),6.0,6.0,6.0,False,fixed_teacher_qat_kd
quant_conv_dw_9/depthwise_kernel_min:0,"(1,)",-10.398162841796875,-10.398162841796875,-10.398162841796875,False,fixed_teacher_qat_kd
quant_conv_dw_9/depthwise_kernel_max:0,"(1,)",10.398162841796875,10.398162841796875,10.398162841796875,False,fixed_teacher_qat_kd
quant_conv_dw_9/post_activation_min:0,(),-57.19469451904297,-57.19469451904297,-57.19469451904297,False,fixed_teacher_qat_kd
quant_conv_dw_9/post_activation_max:0,(),48.83992004394531,48.83992004394531,48.83992004394531,False,fixed_teacher_qat_kd
quant_conv_dw_9_relu/output_min:0,(),-0.004811215680092573,-0.004811215680092573,-0.004811215680092573,False,fixed_teacher_qat_kd
quant_conv_dw_9_relu/output_max:0,(),5.999761581420898,5.999761581420898,5.999761581420898,False,fixed_teacher_qat_kd
quant_conv_pw_9/kernel_min:0,"(128,)",-1.0964159965515137,-0.20738741755485535,-0.48435795307159424,False,fixed_teacher_qat_kd
quant_conv_pw_9/kernel_max:0,"(128,)",0.20738741755485535,1.0964159965515137,0.48435795307159424,False,fixed_teacher_qat_kd
quant_conv_pw_9/post_activation_min:0,(),-8.798678398132324,-8.798678398132324,-8.798678398132324,False,fixed_teacher_qat_kd
quant_conv_pw_9/post_activation_max:0,(),14.74248218536377,14.74248218536377,14.74248218536377,False,fixed_teacher_qat_kd
quant_conv_pw_9_relu/output_min:0,(),-0.004811215680092573,-0.004811215680092573,-0.004811215680092573,False,fixed_teacher_qat_kd
quant_conv_pw_9_relu/output_max:0,(),6.0,6.0,6.0,False,fixed_teacher_qat_kd
quant_conv_dw_10/depthwise_kernel_min:0,"(1,)",-9.021178245544434,-9.021178245544434,-9.021178245544434,False,fixed_teacher_qat_kd
quant_conv_dw_10/depthwise_kernel_max:0,"(1,)",9.021178245544434,9.021178245544434,9.021178245544434,False,fixed_teacher_qat_kd
quant_conv_dw_10/post_activation_min:0,(),-55.74528121948242,-55.74528121948242,-55.74528121948242,False,fixed_teacher_qat_kd
quant_conv_dw_10/post_activation_max:0,(),47.74843978881836,47.74843978881836,47.74843978881836,False,fixed_teacher_qat_kd
quant_conv_dw_10_relu/output_min:0,(),-0.004811215680092573,-0.004811215680092573,-0.004811215680092573,False,fixed_teacher_qat_kd
quant_conv_dw_10_relu/output_max:0,(),6.0,6.0,6.0,False,fixed_teacher_qat_kd
quant_conv_pw_10/kernel_min:0,"(128,)",-1.0108329057693481,-0.3145814836025238,-0.4861299991607666,False,fixed_teacher_qat_kd
quant_conv_pw_10/kernel_max:0,"(128,)",0.3145814836025238,1.0108329057693481,0.4861299991607666,False,fixed_teacher_qat_kd
quant_conv_pw_10/post_activation_min:0,(),-10.085346221923828,-10.085346221923828,-10.085346221923828,False,fixed_teacher_qat_kd
quant_conv_pw_10/post_activation_max:0,(),13.437561988830566,13.437561988830566,13.437561988830566,False,fixed_teacher_qat_kd
quant_conv_pw_10_relu/output_min:0,(),-0.004811215680092573,-0.004811215680092573,-0.004811215680092573,False,fixed_teacher_qat_kd
quant_conv_pw_10_relu/output_max:0,(),6.0,6.0,6.0,False,fixed_teacher_qat_kd
quant_conv_dw_11/depthwise_kernel_min:0,"(1,)",-6.319905757904053,-6.319905757904053,-6.319905757904053,False,fixed_teacher_qat_kd
quant_conv_dw_11/depthwise_kernel_max:0,"(1,)",6.319905757904053,6.319905757904053,6.319905757904053,False,fixed_teacher_qat_kd
quant_conv_dw_11/post_activation_min:0,(),-59.434715270996094,-59.434715270996094,-59.434715270996094,False,fixed_teacher_qat_kd
quant_conv_dw_11/post_activation_max:0,(),57.9829216003418,57.9829216003418,57.9829216003418,False,fixed_teacher_qat_kd
quant_conv_dw_11_relu/output_min:0,(),-0.004811215680092573,-0.004811215680092573,-0.004811215680092573,False,fixed_teacher_qat_kd
quant_conv_dw_11_relu/output_max:0,(),6.0,6.0,6.0,False,fixed_teacher_qat_kd
quant_conv_pw_11/kernel_min:0,"(128,)",-0.9475970268249512,-0.18606877326965332,-0.46626731753349304,False,fixed_teacher_qat_kd
quant_conv_pw_11/kernel_max:0,"(128,)",0.18606877326965332,0.9475970268249512,0.46626731753349304,False,fixed_teacher_qat_kd
quant_conv_pw_11/post_activation_min:0,(),-13.470172882080078,-13.470172882080078,-13.470172882080078,False,fixed_teacher_qat_kd
quant_conv_pw_11/post_activation_max:0,(),12.407868385314941,12.407868385314941,12.407868385314941,False,fixed_teacher_qat_kd
quant_conv_pw_11_relu/output_min:0,(),-0.004811215680092573,-0.004811215680092573,-0.004811215680092573,False,fixed_teacher_qat_kd
quant_conv_pw_11_relu/output_max:0,(),6.0,6.0,6.0,False,fixed_teacher_qat_kd
quant_conv_dw_12/depthwise_kernel_min:0,"(1,)",-3.6377134323120117,-3.6377134323120117,-3.6377134323120117,False,fixed_teacher_qat_kd
quant_conv_dw_12/depthwise_kernel_max:0,"(1,)",3.6377134323120117,3.6377134323120117,3.6377134323120117,False,fixed_teacher_qat_kd
quant_conv_dw_12/post_activation_min:0,(),-53.929901123046875,-53.929901123046875,-53.929901123046875,False,fixed_teacher_qat_kd
quant_conv_dw_12/post_activation_max:0,(),49.65812301635742,49.65812301635742,49.65812301635742,False,fixed_teacher_qat_kd
quant_conv_dw_12_relu/output_min:0,(),-0.004811215680092573,-0.004811215680092573,-0.004811215680092573,False,fixed_teacher_qat_kd
quant_conv_dw_12_relu/output_max:0,(),6.0,6.0,6.0,False,fixed_teacher_qat_kd
quant_conv_pw_12/kernel_min:0,"(256,)",-0.9739999175071716,-3.6466435340137826e-13,-0.37231242656707764,False,fixed_teacher_qat_kd
quant_conv_pw_12/kernel_max:0,"(256,)",3.6466435340137826e-13,0.9739999175071716,0.37231242656707764,False,fixed_teacher_qat_kd
quant_conv_pw_12/post_activation_min:0,(),-9.59618854522705,-9.59618854522705,-9.59618854522705,False,fixed_teacher_qat_kd
quant_conv_pw_12/post_activation_max:0,(),11.60232925415039,11.60232925415039,11.60232925415039,False,fixed_teacher_qat_kd
quant_conv_pw_12_relu/output_min:0,(),-0.004811215680092573,-0.004811215680092573,-0.004811215680092573,False,fixed_teacher_qat_kd
quant_conv_pw_12_relu/output_max:0,(),6.0,6.0,6.0,False,fixed_teacher_qat_kd
quant_conv_dw_13/depthwise_kernel_min:0,"(1,)",-3.4991109371185303,-3.4991109371185303,-3.4991109371185303,False,fixed_teacher_qat_kd
quant_conv_dw_13/depthwise_kernel_max:0,"(1,)",3.4991109371185303,3.4991109371185303,3.4991109371185303,False,fixed_teacher_qat_kd
quant_conv_dw_13/post_activation_min:0,(),-45.54706573486328,-45.54706573486328,-45.54706573486328,False,fixed_teacher_qat_kd
quant_conv_dw_13/post_activation_max:0,(),45.48404312133789,45.48404312133789,45.48404312133789,False,fixed_teacher_qat_kd
quant_conv_dw_13_relu/output_min:0,(),-0.004811215680092573,-0.004811215680092573,-0.004811215680092573,False,fixed_teacher_qat_kd
quant_conv_dw_13_relu/output_max:0,(),6.0,6.0,6.0,False,fixed_teacher_qat_kd
quant_conv_pw_13/kernel_min:0,"(256,)",-1.4942573308944702,-0.23321960866451263,-0.4516274631023407,False,fixed_teacher_qat_kd
quant_conv_pw_13/kernel_max:0,"(256,)",0.23321960866451263,1.4942573308944702,0.4516274631023407,False,fixed_teacher_qat_kd
quant_conv_pw_13/post_activation_min:0,(),-8.935693740844727,-8.935693740844727,-8.935693740844727,False,fixed_teacher_qat_kd
quant_conv_pw_13/post_activation_max:0,(),8.000293731689453,8.000293731689453,8.000293731689453,False,fixed_teacher_qat_kd
quant_conv_pw_13_relu/output_min:0,(),-0.004811215680092573,-0.004811215680092573,-0.004811215680092573,False,fixed_teacher_qat_kd
quant_conv_pw_13_relu/output_max:0,(),6.0,6.0,6.0,False,fixed_teacher_qat_kd
quant_person_logit/kernel_min:0,(),-0.15937164425849915,-0.15937164425849915,-0.15937164425849915,False,fixed_teacher_qat_kd
quant_person_logit/kernel_max:0,(),0.15937164425849915,0.15937164425849915,0.15937164425849915,False,fixed_teacher_qat_kd
quant_person_logit/post_activation_min:0,(),-3.677201986312866,-3.677201986312866,-3.677201986312866,False,fixed_teacher_qat_kd
quant_person_logit/post_activation_max:0,(),4.353037357330322,4.353037357330322,4.353037357330322,False,fixed_teacher_qat_kd
quant_conv1/kernel_min:0,"(8,)",-1.1544432640075684,-6.917638797942008e-14,-0.6273927688598633,False,qkd_full
quant_conv1/kernel_max:0,"(8,)",6.917638797942008e-14,1.1544432640075684,0.6273927688598633,False,qkd_full
quant_conv1/post_activation_min:0,(),-9.904923439025879,-9.904923439025879,-9.904923439025879,False,qkd_full
quant_conv1/post_activation_max:0,(),11.865034103393555,11.865034103393555,11.865034103393555,False,qkd_full
quant_conv1_relu/output_min:0,(),-0.014827907085418701,-0.014827907085418701,-0.014827907085418701,False,qkd_full
quant_conv1_relu/output_max:0,(),6.0,6.0,6.0,False,qkd_full
quant_conv_dw_1/depthwise_kernel_min:0,"(1,)",-23.0587215423584,-23.0587215423584,-23.0587215423584,False,qkd_full
quant_conv_dw_1/depthwise_kernel_max:0,"(1,)",23.0587215423584,23.0587215423584,23.0587215423584,False,qkd_full
quant_conv_dw_1/post_activation_min:0,(),-131.27403259277344,-131.27403259277344,-131.27403259277344,False,qkd_full
quant_conv_dw_1/post_activation_max:0,(),79.69732666015625,79.69732666015625,79.69732666015625,False,qkd_full
quant_conv_dw_1_relu/output_min:0,(),-0.014827907085418701,-0.014827907085418701,-0.014827907085418701,False,qkd_full
quant_conv_dw_1_relu/output_max:0,(),6.0,6.0,6.0,False,qkd_full
quant_conv_pw_1/kernel_min:0,"(16,)",-1.5833150148391724,-2.86069751871329e-13,-0.8542007803916931,False,qkd_full
quant_conv_pw_1/kernel_max:0,"(16,)",2.86069751871329e-13,1.5833150148391724,0.8542007803916931,False,qkd_full
quant_conv_pw_1/post_activation_min:0,(),-9.238629341125488,-9.238629341125488,-9.238629341125488,False,qkd_full
quant_conv_pw_1/post_activation_max:0,(),9.092455863952637,9.092455863952637,9.092455863952637,False,qkd_full
quant_conv_pw_1_relu/output_min:0,(),-0.014827907085418701,-0.014827907085418701,-0.014827907085418701,False,qkd_full
quant_conv_pw_1_relu/output_max:0,(),6.0,6.0,6.0,False,qkd_full
quant_conv_dw_2/depthwise_kernel_min:0,"(1,)",-14.364334106445312,-14.364334106445312,-14.364334106445312,False,qkd_full
quant_conv_dw_2/depthwise_kernel_max:0,"(1,)",14.364334106445312,14.364334106445312,14.364334106445312,False,qkd_full
quant_conv_dw_2/post_activation_min:0,(),-106.19284057617188,-106.19284057617188,-106.19284057617188,False,qkd_full
quant_conv_dw_2/post_activation_max:0,(),113.00025939941406,113.00025939941406,113.00025939941406,False,qkd_full
quant_conv_dw_2_relu/output_min:0,(),-0.014827907085418701,-0.014827907085418701,-0.014827907085418701,False,qkd_full
quant_conv_dw_2_relu/output_max:0,(),6.0,6.0,6.0,False,qkd_full
quant_conv_pw_2/kernel_min:0,"(32,)",-2.4500648975372314,-1.5168176773199676e-13,-1.0196940898895264,False,qkd_full
quant_conv_pw_2/kernel_max:0,"(32,)",1.5168176773199676e-13,2.4500648975372314,1.0196940898895264,False,qkd_full
quant_conv_pw_2/post_activation_min:0,(),-10.134407043457031,-10.134407043457031,-10.134407043457031,False,qkd_full
quant_conv_pw_2/post_activation_max:0,(),20.08104133605957,20.08104133605957,20.08104133605957,False,qkd_full
quant_conv_pw_2_relu/output_min:0,(),-0.014827907085418701,-0.014827907085418701,-0.014827907085418701,False,qkd_full
quant_conv_pw_2_relu/output_max:0,(),6.0,6.0,6.0,False,qkd_full
quant_conv_dw_3/depthwise_kernel_min:0,"(1,)",-26.142316818237305,-26.142316818237305,-26.142316818237305,False,qkd_full
quant_conv_dw_3/depthwise_kernel_max:0,"(1,)",26.142316818237305,26.142316818237305,26.142316818237305,False,qkd_full
quant_conv_dw_3/post_activation_min:0,(),-151.7482147216797,-151.7482147216797,-151.7482147216797,False,qkd_full
quant_conv_dw_3/post_activation_max:0,(),136.68885803222656,136.68885803222656,136.68885803222656,False,qkd_full
quant_conv_dw_3_relu/output_min:0,(),-0.014827907085418701,-0.014827907085418701,-0.014827907085418701,False,qkd_full
quant_conv_dw_3_relu/output_max:0,(),6.0,6.0,6.0,False,qkd_full
quant_conv_pw_3/kernel_min:0,"(32,)",-1.9688912630081177,-0.36740413308143616,-1.0246367454528809,False,qkd_full
quant_conv_pw_3/kernel_max:0,"(32,)",0.36740413308143616,1.9688912630081177,1.0246367454528809,False,qkd_full
quant_conv_pw_3/post_activation_min:0,(),-19.270015716552734,-19.270015716552734,-19.270015716552734,False,qkd_full
quant_conv_pw_3/post_activation_max:0,(),18.84827423095703,18.84827423095703,18.84827423095703,False,qkd_full
quant_conv_pw_3_relu/output_min:0,(),-0.014827907085418701,-0.014827907085418701,-0.014827907085418701,False,qkd_full
quant_conv_pw_3_relu/output_max:0,(),6.0,6.0,6.0,False,qkd_full
quant_conv_dw_4/depthwise_kernel_min:0,"(1,)",-4.90040397644043,-4.90040397644043,-4.90040397644043,False,qkd_full
quant_conv_dw_4/depthwise_kernel_max:0,"(1,)",4.90040397644043,4.90040397644043,4.90040397644043,False,qkd_full
quant_conv_dw_4/post_activation_min:0,(),-108.30119323730469,-108.30119323730469,-108.30119323730469,False,qkd_full
quant_conv_dw_4/post_activation_max:0,(),119.15786743164062,119.15786743164062,119.15786743164062,False,qkd_full
quant_conv_dw_4_relu/output_min:0,(),-0.014827907085418701,-0.014827907085418701,-0.014827907085418701,False,qkd_full
quant_conv_dw_4_relu/output_max:0,(),6.0,6.0,6.0,False,qkd_full
quant_conv_pw_4/kernel_min:0,"(64,)",-1.6809333562850952,-0.3312028646469116,-0.7898736596107483,False,qkd_full
quant_conv_pw_4/kernel_max:0,"(64,)",0.3312028646469116,1.6809333562850952,0.7898736596107483,False,qkd_full
quant_conv_pw_4/post_activation_min:0,(),-10.548843383789062,-10.548843383789062,-10.548843383789062,False,qkd_full
quant_conv_pw_4/post_activation_max:0,(),12.548643112182617,12.548643112182617,12.548643112182617,False,qkd_full
quant_conv_pw_4_relu/output_min:0,(),-0.014827907085418701,-0.014827907085418701,-0.014827907085418701,False,qkd_full
quant_conv_pw_4_relu/output_max:0,(),6.0,6.0,6.0,False,qkd_full
quant_conv_dw_5/depthwise_kernel_min:0,"(1,)",-16.75124740600586,-16.75124740600586,-16.75124740600586,False,qkd_full
quant_conv_dw_5/depthwise_kernel_max:0,"(1,)",16.75124740600586,16.75124740600586,16.75124740600586,False,qkd_full
quant_conv_dw_5/post_activation_min:0,(),-61.229652404785156,-61.229652404785156,-61.229652404785156,False,qkd_full
quant_conv_dw_5/post_activation_max:0,(),66.24732971191406,66.24732971191406,66.24732971191406,False,qkd_full
quant_conv_dw_5_relu/output_min:0,(),-0.014827907085418701,-0.014827907085418701,-0.014827907085418701,False,qkd_full
quant_conv_dw_5_relu/output_max:0,(),6.0,6.0,6.0,False,qkd_full
quant_conv_pw_5/kernel_min:0,"(64,)",-1.4661329984664917,-1.4096460543983058e-13,-0.7944216728210449,False,qkd_full
quant_conv_pw_5/kernel_max:0,"(64,)",1.4096460543983058e-13,1.4661329984664917,0.7944216728210449,False,qkd_full
quant_conv_pw_5/post_activation_min:0,(),-16.501808166503906,-16.501808166503906,-16.501808166503906,False,qkd_full
quant_conv_pw_5/post_activation_max:0,(),15.206804275512695,15.206804275512695,15.206804275512695,False,qkd_full
quant_conv_pw_5_relu/output_min:0,(),-0.014827907085418701,-0.014827907085418701,-0.014827907085418701,False,qkd_full
quant_conv_pw_5_relu/output_max:0,(),6.0,6.0,6.0,False,qkd_full
quant_conv_dw_6/depthwise_kernel_min:0,"(1,)",-4.433174133300781,-4.433174133300781,-4.433174133300781,False,qkd_full
quant_conv_dw_6/depthwise_kernel_max:0,"(1,)",4.433174133300781,4.433174133300781,4.433174133300781,False,qkd_full
quant_conv_dw_6/post_activation_min:0,(),-83.5145492553711,-83.5145492553711,-83.5145492553711,False,qkd_full
quant_conv_dw_6/post_activation_max:0,(),86.07992553710938,86.07992553710938,86.07992553710938,False,qkd_full
quant_conv_dw_6_relu/output_min:0,(),-0.014827907085418701,-0.014827907085418701,-0.014827907085418701,False,qkd_full
quant_conv_dw_6_relu/output_max:0,(),6.0,6.0,6.0,False,qkd_full
quant_conv_pw_6/kernel_min:0,"(128,)",-1.2532143592834473,-0.25410196185112,-0.612145185470581,False,qkd_full
quant_conv_pw_6/kernel_max:0,"(128,)",0.25410196185112,1.2532143592834473,0.612145185470581,False,qkd_full
quant_conv_pw_6/post_activation_min:0,(),-11.341691017150879,-11.341691017150879,-11.341691017150879,False,qkd_full
quant_conv_pw_6/post_activation_max:0,(),15.465498924255371,15.465498924255371,15.465498924255371,False,qkd_full
quant_conv_pw_6_relu/output_min:0,(),-0.014827907085418701,-0.014827907085418701,-0.014827907085418701,False,qkd_full
quant_conv_pw_6_relu/output_max:0,(),6.0,6.0,6.0,False,qkd_full
quant_conv_dw_7/depthwise_kernel_min:0,"(1,)",-11.18288803100586,-11.18288803100586,-11.18288803100586,False,qkd_full
quant_conv_dw_7/depthwise_kernel_max:0,"(1,)",11.18288803100586,11.18288803100586,11.18288803100586,False,qkd_full
quant_conv_dw_7/post_activation_min:0,(),-70.46414947509766,-70.46414947509766,-70.46414947509766,False,qkd_full
quant_conv_dw_7/post_activation_max:0,(),52.77985763549805,52.77985763549805,52.77985763549805,False,qkd_full
quant_conv_dw_7_relu/output_min:0,(),-0.014827907085418701,-0.014827907085418701,-0.014827907085418701,False,qkd_full
quant_conv_dw_7_relu/output_max:0,(),6.0,6.0,6.0,False,qkd_full
quant_conv_pw_7/kernel_min:0,"(128,)",-1.099988341331482,-0.2755226492881775,-0.5585310459136963,False,qkd_full
quant_conv_pw_7/kernel_max:0,"(128,)",0.2755226492881775,1.099988341331482,0.5585310459136963,False,qkd_full
quant_conv_pw_7/post_activation_min:0,(),-21.51419448852539,-21.51419448852539,-21.51419448852539,False,qkd_full
quant_conv_pw_7/post_activation_max:0,(),14.915984153747559,14.915984153747559,14.915984153747559,False,qkd_full
quant_conv_pw_7_relu/output_min:0,(),-0.014827907085418701,-0.014827907085418701,-0.014827907085418701,False,qkd_full
quant_conv_pw_7_relu/output_max:0,(),6.0,6.0,6.0,False,qkd_full
quant_conv_dw_8/depthwise_kernel_min:0,"(1,)",-8.477252960205078,-8.477252960205078,-8.477252960205078,False,qkd_full
quant_conv_dw_8/depthwise_kernel_max:0,"(1,)",8.477252960205078,8.477252960205078,8.477252960205078,False,qkd_full
quant_conv_dw_8/post_activation_min:0,(),-56.788970947265625,-56.788970947265625,-56.788970947265625,False,qkd_full
quant_conv_dw_8/post_activation_max:0,(),54.57120132446289,54.57120132446289,54.57120132446289,False,qkd_full
quant_conv_dw_8_relu/output_min:0,(),-0.014827907085418701,-0.014827907085418701,-0.014827907085418701,False,qkd_full
quant_conv_dw_8_relu/output_max:0,(),5.999761581420898,5.999761581420898,5.999761581420898,False,qkd_full
quant_conv_pw_8/kernel_min:0,"(128,)",-1.212092399597168,-0.2689567506313324,-0.5091059803962708,False,qkd_full
quant_conv_pw_8/kernel_max:0,"(128,)",0.2689567506313324,1.212092399597168,0.5091059803962708,False,qkd_full
quant_conv_pw_8/post_activation_min:0,(),-10.288257598876953,-10.288257598876953,-10.288257598876953,False,qkd_full
quant_conv_pw_8/post_activation_max:0,(),15.729758262634277,15.729758262634277,15.729758262634277,False,qkd_full
quant_conv_pw_8_relu/output_min:0,(),-0.014827907085418701,-0.014827907085418701,-0.014827907085418701,False,qkd_full
quant_conv_pw_8_relu/output_max:0,(),6.0,6.0,6.0,False,qkd_full
quant_conv_dw_9/depthwise_kernel_min:0,"(1,)",-10.397968292236328,-10.397968292236328,-10.397968292236328,False,qkd_full
quant_conv_dw_9/depthwise_kernel_max:0,"(1,)",10.397968292236328,10.397968292236328,10.397968292236328,False,qkd_full
quant_conv_dw_9/post_activation_min:0,(),-57.70426559448242,-57.70426559448242,-57.70426559448242,False,qkd_full
quant_conv_dw_9/post_activation_max:0,(),48.37996292114258,48.37996292114258,48.37996292114258,False,qkd_full
quant_conv_dw_9_relu/output_min:0,(),-0.014827907085418701,-0.014827907085418701,-0.014827907085418701,False,qkd_full
quant_conv_dw_9_relu/output_max:0,(),5.999761581420898,5.999761581420898,5.999761581420898,False,qkd_full
quant_conv_pw_9/kernel_min:0,"(128,)",-1.096199631690979,-0.20726729929447174,-0.4843284785747528,False,qkd_full
quant_conv_pw_9/kernel_max:0,"(128,)",0.20726729929447174,1.096199631690979,0.4843284785747528,False,qkd_full
quant_conv_pw_9/post_activation_min:0,(),-8.759461402893066,-8.759461402893066,-8.759461402893066,False,qkd_full
quant_conv_pw_9/post_activation_max:0,(),14.688192367553711,14.688192367553711,14.688192367553711,False,qkd_full
quant_conv_pw_9_relu/output_min:0,(),-0.014827907085418701,-0.014827907085418701,-0.014827907085418701,False,qkd_full
quant_conv_pw_9_relu/output_max:0,(),6.0,6.0,6.0,False,qkd_full
quant_conv_dw_10/depthwise_kernel_min:0,"(1,)",-9.02108383178711,-9.02108383178711,-9.02108383178711,False,qkd_full
quant_conv_dw_10/depthwise_kernel_max:0,"(1,)",9.02108383178711,9.02108383178711,9.02108383178711,False,qkd_full
quant_conv_dw_10/post_activation_min:0,(),-55.72599792480469,-55.72599792480469,-55.72599792480469,False,qkd_full
quant_conv_dw_10/post_activation_max:0,(),47.50131607055664,47.50131607055664,47.50131607055664,False,qkd_full
quant_conv_dw_10_relu/output_min:0,(),-0.014827907085418701,-0.014827907085418701,-0.014827907085418701,False,qkd_full
quant_conv_dw_10_relu/output_max:0,(),6.0,6.0,6.0,False,qkd_full
quant_conv_pw_10/kernel_min:0,"(128,)",-1.010844349861145,-0.3150765001773834,-0.4861416220664978,False,qkd_full
quant_conv_pw_10/kernel_max:0,"(128,)",0.3150765001773834,1.010844349861145,0.4861416220664978,False,qkd_full
quant_conv_pw_10/post_activation_min:0,(),-10.054055213928223,-10.054055213928223,-10.054055213928223,False,qkd_full
quant_conv_pw_10/post_activation_max:0,(),13.313872337341309,13.313872337341309,13.313872337341309,False,qkd_full
quant_conv_pw_10_relu/output_min:0,(),-0.014827907085418701,-0.014827907085418701,-0.014827907085418701,False,qkd_full
quant_conv_pw_10_relu/output_max:0,(),6.0,6.0,6.0,False,qkd_full
quant_conv_dw_11/depthwise_kernel_min:0,"(1,)",-6.319982528686523,-6.319982528686523,-6.319982528686523,False,qkd_full
quant_conv_dw_11/depthwise_kernel_max:0,"(1,)",6.319982528686523,6.319982528686523,6.319982528686523,False,qkd_full
quant_conv_dw_11/post_activation_min:0,(),-59.2379150390625,-59.2379150390625,-59.2379150390625,False,qkd_full
quant_conv_dw_11/post_activation_max:0,(),57.82630920410156,57.82630920410156,57.82630920410156,False,qkd_full
quant_conv_dw_11_relu/output_min:0,(),-0.014827907085418701,-0.014827907085418701,-0.014827907085418701,False,qkd_full
quant_conv_dw_11_relu/output_max:0,(),6.0,6.0,6.0,False,qkd_full
quant_conv_pw_11/kernel_min:0,"(128,)",-0.9476158022880554,-0.18606877326965332,-0.4662415385246277,False,qkd_full
quant_conv_pw_11/kernel_max:0,"(128,)",0.18606877326965332,0.9476158022880554,0.4662415385246277,False,qkd_full
quant_conv_pw_11/post_activation_min:0,(),-13.360711097717285,-13.360711097717285,-13.360711097717285,False,qkd_full
quant_conv_pw_11/post_activation_max:0,(),12.475166320800781,12.475166320800781,12.475166320800781,False,qkd_full
quant_conv_pw_11_relu/output_min:0,(),-0.014827907085418701,-0.014827907085418701,-0.014827907085418701,False,qkd_full
quant_conv_pw_11_relu/output_max:0,(),6.0,6.0,6.0,False,qkd_full
quant_conv_dw_12/depthwise_kernel_min:0,"(1,)",-3.6372663974761963,-3.6372663974761963,-3.6372663974761963,False,qkd_full
quant_conv_dw_12/depthwise_kernel_max:0,"(1,)",3.6372663974761963,3.6372663974761963,3.6372663974761963,False,qkd_full
quant_conv_dw_12/post_activation_min:0,(),-53.79423904418945,-53.79423904418945,-53.79423904418945,False,qkd_full
quant_conv_dw_12/post_activation_max:0,(),49.29119110107422,49.29119110107422,49.29119110107422,False,qkd_full
quant_conv_dw_12_relu/output_min:0,(),-0.014827907085418701,-0.014827907085418701,-0.014827907085418701,False,qkd_full
quant_conv_dw_12_relu/output_max:0,(),6.0,6.0,6.0,False,qkd_full
quant_conv_pw_12/kernel_min:0,"(256,)",-0.9737983345985413,-3.6466435340137826e-13,-0.3723008632659912,False,qkd_full
quant_conv_pw_12/kernel_max:0,"(256,)",3.6466435340137826e-13,0.9737983345985413,0.3723008632659912,False,qkd_full
quant_conv_pw_12/post_activation_min:0,(),-9.580472946166992,-9.580472946166992,-9.580472946166992,False,qkd_full
quant_conv_pw_12/post_activation_max:0,(),11.511860847473145,11.511860847473145,11.511860847473145,False,qkd_full
quant_conv_pw_12_relu/output_min:0,(),-0.014827907085418701,-0.014827907085418701,-0.014827907085418701,False,qkd_full
quant_conv_pw_12_relu/output_max:0,(),6.0,6.0,6.0,False,qkd_full
quant_conv_dw_13/depthwise_kernel_min:0,"(1,)",-3.498993396759033,-3.498993396759033,-3.498993396759033,False,qkd_full
quant_conv_dw_13/depthwise_kernel_max:0,"(1,)",3.498993396759033,3.498993396759033,3.498993396759033,False,qkd_full
quant_conv_dw_13/post_activation_min:0,(),-45.375877380371094,-45.375877380371094,-45.375877380371094,False,qkd_full
quant_conv_dw_13/post_activation_max:0,(),46.22003173828125,46.22003173828125,46.22003173828125,False,qkd_full
quant_conv_dw_13_relu/output_min:0,(),-0.014827907085418701,-0.014827907085418701,-0.014827907085418701,False,qkd_full
quant_conv_dw_13_relu/output_max:0,(),6.0,6.0,6.0,False,qkd_full
quant_conv_pw_13/kernel_min:0,"(256,)",-1.493690848350525,-0.2336033284664154,-0.4516618847846985,False,qkd_full
quant_conv_pw_13/kernel_max:0,"(256,)",0.2336033284664154,1.493690848350525,0.4516618847846985,False,qkd_full
quant_conv_pw_13/post_activation_min:0,(),-9.089048385620117,-9.089048385620117,-9.089048385620117,False,qkd_full
quant_conv_pw_13/post_activation_max:0,(),7.853652000427246,7.853652000427246,7.853652000427246,False,qkd_full
quant_conv_pw_13_relu/output_min:0,(),-0.014827907085418701,-0.014827907085418701,-0.014827907085418701,False,qkd_full
quant_conv_pw_13_relu/output_max:0,(),6.0,6.0,6.0,False,qkd_full
quant_person_logit/kernel_min:0,(),-0.15838728845119476,-0.15838728845119476,-0.15838728845119476,False,qkd_full
quant_person_logit/kernel_max:0,(),0.15838728845119476,0.15838728845119476,0.15838728845119476,False,qkd_full
quant_person_logit/post_activation_min:0,(),-3.037766456604004,-3.037766456604004,-3.037766456604004,False,qkd_full
quant_person_logit/post_activation_max:0,(),3.752197742462158,3.752197742462158,3.752197742462158,False,qkd_full
