variable,shape,minimum,maximum,mean,trainable
quant_conv1/kernel_min:0,"(8,)",-6.0,-6.0,-6.0,False
quant_conv1/kernel_max:0,"(8,)",6.0,6.0,6.0,False
quant_conv1/post_activation_min:0,(),-6.0,-6.0,-6.0,False
quant_conv1/post_activation_max:0,(),6.0,6.0,6.0,False
quant_conv1_relu/output_min:0,(),-6.0,-6.0,-6.0,False
quant_conv1_relu/output_max:0,(),6.0,6.0,6.0,False
quant_conv_dw_1/depthwise_kernel_min:0,"(1,)",-6.0,-6.0,-6.0,False
quant_conv_dw_1/depthwise_kernel_max:0,"(1,)",6.0,6.0,6.0,False
quant_conv_dw_1/post_activation_min:0,(),-6.0,-6.0,-6.0,False
quant_conv_dw_1/post_activation_max:0,(),6.0,6.0,6.0,False
quant_conv_dw_1_relu/output_min:0,(),-6.0,-6.0,-6.0,False
quant_conv_dw_1_relu/output_max:0,(),6.0,6.0,6.0,False
quant_conv_pw_1/kernel_min:0,"(16,)",-6.0,-6.0,-6.0,False
quant_conv_pw_1/kernel_max:0,"(16,)",6.0,6.0,6.0,False
quant_conv_pw_1/post_activation_min:0,(),-6.0,-6.0,-6.0,False
quant_conv_pw_1/post_activation_max:0,(),6.0,6.0,6.0,False
quant_conv_pw_1_relu/output_min:0,(),-6.0,-6.0,-6.0,False
quant_conv_pw_1_relu/output_max:0,(),6.0,6.0,6.0,False
quant_conv_dw_2/depthwise_kernel_min:0,"(1,)",-6.0,-6.0,-6.0,False
quant_conv_dw_2/depthwise_kernel_max:0,"(1,)",6.0,6.0,6.0,False
quant_conv_dw_2/post_activation_min:0,(),-6.0,-6.0,-6.0,False
quant_conv_dw_2/post_activation_max:0,(),6.0,6.0,6.0,False
quant_conv_dw_2_relu/output_min:0,(),-6.0,-6.0,-6.0,False
quant_conv_dw_2_relu/output_max:0,(),6.0,6.0,6.0,False
quant_conv_pw_2/kernel_min:0,"(32,)",-6.0,-6.0,-6.0,False
quant_conv_pw_2/kernel_max:0,"(32,)",6.0,6.0,6.0,False
quant_conv_pw_2/post_activation_min:0,(),-6.0,-6.0,-6.0,False
quant_conv_pw_2/post_activation_max:0,(),6.0,6.0,6.0,False
quant_conv_pw_2_relu/output_min:0,(),-6.0,-6.0,-6.0,False
quant_conv_pw_2_relu/output_max:0,(),6.0,6.0,6.0,False
quant_conv_dw_3/depthwise_kernel_min:0,"(1,)",-6.0,-6.0,-6.0,False
quant_conv_dw_3/depthwise_kernel_max:0,"(1,)",6.0,6.0,6.0,False
quant_conv_dw_3/post_activation_min:0,(),-6.0,-6.0,-6.0,False
quant_conv_dw_3/post_activation_max:0,(),6.0,6.0,6.0,False
quant_conv_dw_3_relu/output_min:0,(),-6.0,-6.0,-6.0,False
quant_conv_dw_3_relu/output_max:0,(),6.0,6.0,6.0,False
quant_conv_pw_3/kernel_min:0,"(32,)",-6.0,-6.0,-6.0,False
quant_conv_pw_3/kernel_max:0,"(32,)",6.0,6.0,6.0,False
quant_conv_pw_3/post_activation_min:0,(),-6.0,-6.0,-6.0,False
quant_conv_pw_3/post_activation_max:0,(),6.0,6.0,6.0,False
quant_conv_pw_3_relu/output_min:0,(),-6.0,-6.0,-6.0,False
quant_conv_pw_3_relu/output_max:0,(),6.0,6.0,6.0,False
quant_conv_dw_4/depthwise_kernel_min:0,"(1,)",-6.0,-6.0,-6.0,False
quant_conv_dw_4/depthwise_kernel_max:0,"(1,)",6.0,6.0,6.0,False
quant_conv_dw_4/post_activation_min:0,(),-6.0,-6.0,-6.0,False
quant_conv_dw_4/post_activation_max:0,(),6.0,6.0,6.0,False
quant_conv_dw_4_relu/output_min:0,(),-6.0,-6.0,-6.0,False
quant_conv_dw_4_relu/output_max:0,(),6.0,6.0,6.0,False
quant_conv_pw_4/kernel_min:0,"(64,)",-6.0,-6.0,-6.0,False
quant_conv_pw_4/kernel_max:0,"(64,)",6.0,6.0,6.0,False
quant_conv_pw_4/post_activation_min:0,(),-6.0,-6.0,-6.0,False
quant_conv_pw_4/post_activation_max:0,(),6.0,6.0,6.0,False
quant_conv_pw_4_relu/output_min:0,(),-6.0,-6.0,-6.0,False
quant_conv_pw_4_relu/output_max:0,(),6.0,6.0,6.0,False
quant_conv_dw_5/depthwise_kernel_min:0,"(1,)",-6.0,-6.0,-6.0,False
quant_conv_dw_5/depthwise_kernel_max:0,"(1,)",6.0,6.0,6.0,False
quant_conv_dw_5/post_activation_min:0,(),-6.0,-6.0,-6.0,False
quant_conv_dw_5/post_activation_max:0,(),6.0,6.0,6.0,False
quant_conv_dw_5_relu/output_min:0,(),-6.0,-6.0,-6.0,False
quant_conv_dw_5_relu/output_max:0,(),6.0,6.0,6.0,False
quant_conv_pw_5/kernel_min:0,"(64,)",-6.0,-6.0,-6.0,False
quant_conv_pw_5/kernel_max:0,"(64,)",6.0,6.0,6.0,False
quant_conv_pw_5/post_activation_min:0,(),-6.0,-6.0,-6.0,False
quant_conv_pw_5/post_activation_max:0,(),6.0,6.0,6.0,False
quant_conv_pw_5_relu/output_min:0,(),-6.0,-6.0,-6.0,False
quant_conv_pw_5_relu/output_max:0,(),6.0,6.0,6.0,False
quant_conv_dw_6/depthwise_kernel_min:0,"(1,)",-6.0,-6.0,-6.0,False
quant_conv_dw_6/depthwise_kernel_max:0,"(1,)",6.0,6.0,6.0,False
quant_conv_dw_6/post_activation_min:0,(),-6.0,-6.0,-6.0,False
quant_conv_dw_6/post_activation_max:0,(),6.0,6.0,6.0,False
quant_conv_dw_6_relu/output_min:0,(),-6.0,-6.0,-6.0,False
quant_conv_dw_6_relu/output_max:0,(),6.0,6.0,6.0,False
quant_conv_pw_6/kernel_min:0,"(128,)",-6.0,-6.0,-6.0,False
quant_conv_pw_6/kernel_max:0,"(128,)",6.0,6.0,6.0,False
quant_conv_pw_6/post_activation_min:0,(),-6.0,-6.0,-6.0,False
quant_conv_pw_6/post_activation_max:0,(),6.0,6.0,6.0,False
quant_conv_pw_6_relu/output_min:0,(),-6.0,-6.0,-6.0,False
quant_conv_pw_6_relu/output_max:0,(),6.0,6.0,6.0,False
quant_conv_dw_7/depthwise_kernel_min:0,"(1,)",-6.0,-6.0,-6.0,False
quant_conv_dw_7/depthwise_kernel_max:0,"(1,)",6.0,6.0,6.0,False
quant_conv_dw_7/post_activation_min:0,(),-6.0,-6.0,-6.0,False
quant_conv_dw_7/post_activation_max:0,(),6.0,6.0,6.0,False
quant_conv_dw_7_relu/output_min:0,(),-6.0,-6.0,-6.0,False
quant_conv_dw_7_relu/output_max:0,(),6.0,6.0,6.0,False
quant_conv_pw_7/kernel_min:0,"(128,)",-6.0,-6.0,-6.0,False
quant_conv_pw_7/kernel_max:0,"(128,)",6.0,6.0,6.0,False
quant_conv_pw_7/post_activation_min:0,(),-6.0,-6.0,-6.0,False
quant_conv_pw_7/post_activation_max:0,(),6.0,6.0,6.0,False
quant_conv_pw_7_relu/output_min:0,(),-6.0,-6.0,-6.0,False
quant_conv_pw_7_relu/output_max:0,(),6.0,6.0,6.0,False
quant_conv_dw_8/depthwise_kernel_min:0,"(1,)",-6.0,-6.0,-6.0,False
quant_conv_dw_8/depthwise_kernel_max:0,"(1,)",6.0,6.0,6.0,False
quant_conv_dw_8/post_activation_min:0,(),-6.0,-6.0,-6.0,False
quant_conv_dw_8/post_activation_max:0,(),6.0,6.0,6.0,False
quant_conv_dw_8_relu/output_min:0,(),-6.0,-6.0,-6.0,False
quant_conv_dw_8_relu/output_max:0,(),6.0,6.0,6.0,False
quant_conv_pw_8/kernel_min:0,"(128,)",-6.0,-6.0,-6.0,False
quant_conv_pw_8/kernel_max:0,"(128,)",6.0,6.0,6.0,False
quant_conv_pw_8/post_activation_min:0,(),-6.0,-6.0,-6.0,False
quant_conv_pw_8/post_activation_max:0,(),6.0,6.0,6.0,False
quant_conv_pw_8_relu/output_min:0,(),-6.0,-6.0,-6.0,False
quant_conv_pw_8_relu/output_max:0,(),6.0,6.0,6.0,False
quant_conv_dw_9/depthwise_kernel_min:0,"(1,)",-6.0,-6.0,-6.0,False
quant_conv_dw_9/depthwise_kernel_max:0,"(1,)",6.0,6.0,6.0,False
quant_conv_dw_9/post_activation_min:0,(),-6.0,-6.0,-6.0,False
quant_conv_dw_9/post_activation_max:0,(),6.0,6.0,6.0,False
quant_conv_dw_9_relu/output_min:0,(),-6.0,-6.0,-6.0,False
quant_conv_dw_9_relu/output_max:0,(),6.0,6.0,6.0,False
quant_conv_pw_9/kernel_min:0,"(128,)",-6.0,-6.0,-6.0,False
quant_conv_pw_9/kernel_max:0,"(128,)",6.0,6.0,6.0,False
quant_conv_pw_9/post_activation_min:0,(),-6.0,-6.0,-6.0,False
quant_conv_pw_9/post_activation_max:0,(),6.0,6.0,6.0,False
quant_conv_pw_9_relu/output_min:0,(),-6.0,-6.0,-6.0,False
quant_conv_pw_9_relu/output_max:0,(),6.0,6.0,6.0,False
quant_conv_dw_10/depthwise_kernel_min:0,"(1,)",-6.0,-6.0,-6.0,False
quant_conv_dw_10/depthwise_kernel_max:0,"(1,)",6.0,6.0,6.0,False
quant_conv_dw_10/post_activation_min:0,(),-6.0,-6.0,-6.0,False
quant_conv_dw_10/post_activation_max:0,(),6.0,6.0,6.0,False
quant_conv_dw_10_relu/output_min:0,(),-6.0,-6.0,-6.0,False
quant_conv_dw_10_relu/output_max:0,(),6.0,6.0,6.0,False
quant_conv_pw_10/kernel_min:0,"(128,)",-6.0,-6.0,-6.0,False
quant_conv_pw_10/kernel_max:0,"(128,)",6.0,6.0,6.0,False
quant_conv_pw_10/post_activation_min:0,(),-6.0,-6.0,-6.0,False
quant_conv_pw_10/post_activation_max:0,(),6.0,6.0,6.0,False
quant_conv_pw_10_relu/output_min:0,(),-6.0,-6.0,-6.0,False
quant_conv_pw_10_relu/output_max:0,(),6.0,6.0,6.0,False
quant_conv_dw_11/depthwise_kernel_min:0,"(1,)",-6.0,-6.0,-6.0,False
quant_conv_dw_11/depthwise_kernel_max:0,"(1,)",6.0,6.0,6.0,False
quant_conv_dw_11/post_activation_min:0,(),-6.0,-6.0,-6.0,False
quant_conv_dw_11/post_activation_max:0,(),6.0,6.0,6.0,False
quant_conv_dw_11_relu/output_min:0,(),-6.0,-6.0,-6.0,False
quant_conv_dw_11_relu/output_max:0,(),6.0,6.0,6.0,False
quant_conv_pw_11/kernel_min:0,"(128,)",-6.0,-6.0,-6.0,False
quant_conv_pw_11/kernel_max:0,"(128,)",6.0,6.0,6.0,False
quant_conv_pw_11/post_activation_min:0,(),-6.0,-6.0,-6.0,False
quant_conv_pw_11/post_activation_max:0,(),6.0,6.0,6.0,False
quant_conv_pw_11_relu/output_min:0,(),-6.0,-6.0,-6.0,False
quant_conv_pw_11_relu/output_max:0,(),6.0,6.0,6.0,False
quant_conv_dw_12/depthwise_kernel_min:0,"(1,)",-6.0,-6.0,-6.0,False
quant_conv_dw_12/depthwise_kernel_max:0,"(1,)",6.0,6.0,6.0,False
quant_conv_dw_12/post_activation_min:0,(),-6.0,-6.0,-6.0,False
quant_conv_dw_12/post_activation_max:0,(),6.0,6.0,6.0,False
quant_conv_dw_12_relu/output_min:0,(),-6.0,-6.0,-6.0,False
quant_conv_dw_12_relu/output_max:0,(),6.0,6.0,6.0,False
quant_conv_pw_12/kernel_min:0,"(256,)",-6.0,-6.0,-6.0,False
quant_conv_pw_12/kernel_max:0,"(256,)",6.0,6.0,6.0,False
quant_conv_pw_12/post_activation_min:0,(),-6.0,-6.0,-6.0,False
quant_conv_pw_12/post_activation_max:0,(),6.0,6.0,6.0,False
quant_conv_pw_12_relu/output_min:0,(),-6.0,-6.0,-6.0,False
quant_conv_pw_12_relu/output_max:0,(),6.0,6.0,6.0,False
quant_conv_dw_13/depthwise_kernel_min:0,"(1,)",-6.0,-6.0,-6.0,False
quant_conv_dw_13/depthwise_kernel_max:0,"(1,)",6.0,6.0,6.0,False
quant_conv_dw_13/post_activation_min:0,(),-6.0,-6.0,-6.0,False
quant_conv_dw_13/post_activation_max:0,(),6.0,6.0,6.0,False
quant_conv_dw_13_relu/output_min:0,(),-6.0,-6.0,-6.0,False
quant_conv_dw_13_relu/output_max:0,(),6.0,6.0,6.0,False
quant_conv_pw_13/kernel_min:0,"(256,)",-6.0,-6.0,-6.0,False
quant_conv_pw_13/kernel_max:0,"(256,)",6.0,6.0,6.0,False
quant_conv_pw_13/post_activation_min:0,(),-6.0,-6.0,-6.0,False
quant_conv_pw_13/post_activation_max:0,(),6.0,6.0,6.0,False
quant_conv_pw_13_relu/output_min:0,(),-6.0,-6.0,-6.0,False
quant_conv_pw_13_relu/output_max:0,(),6.0,6.0,6.0,False
quant_person_logit/kernel_min:0,(),-6.0,-6.0,-6.0,False
quant_person_logit/kernel_max:0,(),6.0,6.0,6.0,False
quant_person_logit/post_activation_min:0,(),-6.0,-6.0,-6.0,False
quant_person_logit/post_activation_max:0,(),6.0,6.0,6.0,False
