epoch,accuracy,epoch_seconds,loss,lr,pr_auc,precision,recall,reverse_kd_loss,student_hard_loss,student_kd_loss,teacher_hard_loss,teacher_loss,val_accuracy,val_loss,val_pr_auc,val_precision,val_recall,val_reverse_kd_loss,val_student_hard_loss,val_student_kd_loss,val_teacher_hard_loss,val_teacher_loss,run,epoch_index
0,0.4987500011920929,45.85243404202629,0.6999655961990356,1e-05,0.5029474496841431,0.497764527797699,0.2783333361148834,0.0,0.6999596357345581,0.0,0.0,0.0,0.5239999890327454,0.6908210515975952,0.54998779296875,0.515744686126709,0.612740159034729,0.0,0.6908150911331177,0.0,0.0,0.0,self_study,1
1,0.5660833120346069,39.788423707999755,0.6770696043968201,1e-05,0.5861681699752808,0.5708668231964111,0.5323333144187927,0.0,0.6770644783973694,0.0,0.0,0.0,0.6349999904632568,0.6459009647369385,0.6693487167358398,0.6025336384773254,0.7694640755653381,0.0,0.6458953619003296,0.0,0.0,0.0,self_study,2
2,0.6816666722297668,40.49083533399971,0.58933025598526,1e-05,0.7545517683029175,0.6814247965812683,0.6823333501815796,0.0,0.5893248319625854,0.0,0.0,0.0,0.7200000286102295,0.5360450148582458,0.8092174530029297,0.7508772015571594,0.6491405367851257,0.0,0.5360395908355713,0.0,0.0,0.0,self_study,3
3,0.7583333253860474,50.71446533303242,0.4964711964130401,1e-05,0.8459736108779907,0.774433434009552,0.7289999723434448,0.0,0.4964655339717865,0.0,0.0,0.0,0.7595000267028809,0.4908235371112823,0.845449686050415,0.7713675498962402,0.730030357837677,0.0,0.4908179044723511,0.0,0.0,0.0,self_study,4
4,0.7721666693687439,67.83791141601978,0.4732925295829773,1e-05,0.8618019223213196,0.790156364440918,0.7411666512489319,0.0,0.473286896944046,0.0,0.0,0.0,0.7609999775886536,0.4772981405258178,0.8528252840042114,0.7738478183746338,0.730030357837677,0.0,0.477292537689209,0.0,0.0,0.0,self_study,5
5,0.7768333554267883,63.09348299994599,0.4621485471725464,1e-05,0.8709660768508911,0.7954464554786682,0.7453333139419556,0.0,0.4621426463127136,0.0,0.0,0.0,0.7620000243186951,0.4791449010372162,0.8557380437850952,0.8139534592628479,0.6723963618278503,0.0,0.4791392982006073,0.0,0.0,0.0,self_study,6
6,0.7868333458900452,58.02688808296807,0.452663779258728,1e-05,0.875397264957428,0.8064458966255188,0.7548333406448364,0.0,0.4526581168174743,0.0,0.0,0.0,0.765999972820282,0.4751847088336944,0.8558655977249146,0.782231867313385,0.730030357837677,0.0,0.4751790761947632,0.0,0.0,0.0,self_study,7
7,0.7829166650772095,114.71272458398016,0.4506158530712127,1e-05,0.8770328760147095,0.8012422323226929,0.7524999976158142,0.0,0.4506105482578277,0.0,0.0,0.0,0.765500009059906,0.4738170802593231,0.856845498085022,0.7954545617103577,0.7077856659889221,0.0,0.473811388015747,0.0,0.0,0.0,self_study,8
0,0.7900000214576721,42.43014283303637,0.4447767734527588,1e-05,0.8808053135871887,0.8082919716835022,0.7603333592414856,0.0,0.4447716176509857,0.0,0.0,0.0,0.7710000276565552,0.4720107913017273,0.858910083770752,0.7745605111122131,0.7573306560516357,0.0,0.4720050990581512,0.0,0.0,0.0,hard_qat,1
1,0.7859166860580444,40.1206720409682,0.4432112276554107,1e-05,0.8822652101516724,0.8061752915382385,0.7528333067893982,0.0,0.4432057738304138,0.0,0.0,0.0,0.7764999866485596,0.4664504826068878,0.8613607287406921,0.7817047834396362,0.7603639960289001,0.0,0.466444730758667,0.0,0.0,0.0,hard_qat,2
2,0.7885833382606506,45.47311149997404,0.4421908855438232,1e-05,0.8836425542831421,0.8074942231178284,0.7578333616256714,0.0,0.4421851933002472,0.0,0.0,0.0,0.7730000019073486,0.4705118238925934,0.8595414757728577,0.7936333417892456,0.731041431427002,0.0,0.4705060720443725,0.0,0.0,0.0,hard_qat,3
3,0.793666660785675,72.117326083011,0.4363298416137695,1e-05,0.8873730301856995,0.8128551244735718,0.7630000114440918,0.0,0.4363243877887726,0.0,0.0,0.0,0.7739999890327454,0.471949815750122,0.8594719767570496,0.7921653985977173,0.7360970973968506,0.0,0.4719440937042236,0.0,0.0,0.0,hard_qat,4
4,0.7964166402816772,75.5403841669904,0.4339099824428558,3e-06,0.8873946666717529,0.816740870475769,0.7643333077430725,0.0,0.4339043498039245,0.0,0.0,0.0,0.7770000100135803,0.4657575488090515,0.8639186024665833,0.790996789932251,0.7462083101272583,0.0,0.4657518267631531,0.0,0.0,0.0,hard_qat,5
5,0.7927500009536743,74.61583150003571,0.4357174038887024,3e-06,0.8866181373596191,0.8138288259506226,0.7591666579246521,0.0,0.4357118308544159,0.0,0.0,0.0,0.7820000052452087,0.4658552408218384,0.8644188046455383,0.8138478994369507,0.7249747514724731,0.0,0.4658495187759399,0.0,0.0,0.0,hard_qat,6
6,0.7973333597183228,85.84665920800762,0.4310774207115173,3e-06,0.8893964290618896,0.8202872276306152,0.7615000009536743,0.0,0.4310717284679413,0.0,0.0,0.0,0.7789999842643738,0.4663117527961731,0.8651068806648254,0.8002195358276367,0.7371081709861755,0.0,0.4663060307502746,0.0,0.0,0.0,hard_qat,7
7,0.7958333492279053,77.95803104201332,0.431895762681961,3e-06,0.888435959815979,0.8122800588607788,0.7695000171661377,0.0,0.4318892955780029,0.0,0.0,0.0,0.7799999713897705,0.4606867134571075,0.8684303164482117,0.7954789996147156,0.747219443321228,0.0,0.4606809914112091,0.0,0.0,0.0,hard_qat,8
8,0.797249972820282,72.96583775000181,0.4296858608722687,3e-06,0.8906611204147339,0.8176313638687134,0.7651666402816772,0.0,0.4296801090240478,0.0,0.0,0.0,0.7789999842643738,0.4636199176311493,0.8644418120384216,0.7995618581771851,0.7381193041801453,0.0,0.4636141359806061,0.0,0.0,0.0,hard_qat,9
9,0.796833336353302,84.65465645800577,0.4275364875793457,3e-06,0.8923642039299011,0.818263053894043,0.7631666660308838,0.0,0.4275307953357696,0.0,0.0,0.0,0.7785000205039978,0.4632301926612854,0.8643087148666382,0.782608687877655,0.7644084692001343,0.0,0.4632244408130646,0.0,0.0,0.0,hard_qat,10
10,0.7997499704360962,102.67753433296456,0.4270446300506592,9.000001e-07,0.8909606337547302,0.8187134265899658,0.7699999809265137,0.0,0.427038699388504,0.0,0.0,0.0,0.7835000157356262,0.4663022458553314,0.8635546565055847,0.7944915294647217,0.7583417296409607,0.0,0.4662964344024658,0.0,0.0,0.0,hard_qat,11
11,0.796500027179718,121.66372945898912,0.4286503493785858,9.000001e-07,0.8915945291519165,0.8166607618331909,0.7646666765213013,0.0,0.4286444783210754,0.0,0.0,0.0,0.7850000262260437,0.4629498124122619,0.8658022880554199,0.7957671880722046,0.7603639960289001,0.0,0.4629440307617187,0.0,0.0,0.0,hard_qat,12
0,0.7838333249092102,134.56751329195686,0.6233659386634827,1e-05,0.8800172805786133,0.829272985458374,0.7148333191871643,0.0,0.4478784203529358,0.1754819601774215,0.0,0.0,0.7754999995231628,0.6797900199890137,0.8581604957580566,0.7947598099708557,0.7360970973968506,0.0,0.4715678095817566,0.2082164138555526,0.0,0.0,fixed_teacher_qat_kd,1
1,0.7904166579246521,139.96068175003165,0.617792546749115,1e-05,0.8832207918167114,0.8386783003807068,0.7191666960716248,0.0,0.445136547088623,0.1726499050855636,0.0,0.0,0.7785000205039978,0.6691591739654541,0.8627981543540955,0.8123570084571838,0.7178968787193298,0.0,0.4654999077320099,0.2036535590887069,0.0,0.0,fixed_teacher_qat_kd,2
2,0.7894999980926514,115.207835624984,0.6199198365211487,1e-05,0.8830244541168213,0.836367130279541,0.7198333144187927,0.0,0.4461843371391296,0.1737298816442489,0.0,0.0,0.7695000171661377,0.677811861038208,0.8603557348251343,0.8120567202568054,0.6946410536766052,0.0,0.4703210592269897,0.207484945654869,0.0,0.0,fixed_teacher_qat_kd,3
3,0.7914166450500488,125.3109251249698,0.6077388525009155,1e-05,0.8865962624549866,0.8437193036079407,0.7153333425521851,0.0,0.4415881633758545,0.166144922375679,0.0,0.0,0.7689999938011169,0.6682533025741577,0.8597346544265747,0.8018327355384827,0.7077856659889221,0.0,0.4682899713516235,0.1999578326940536,0.0,0.0,fixed_teacher_qat_kd,4
4,0.7873333096504211,115.92150137503631,0.6052244305610657,3e-06,0.888581395149231,0.8408461809158325,0.7088333368301392,0.0,0.4385547339916229,0.1666641384363174,0.0,0.0,0.7785000205039978,0.6641669869422913,0.8639037609100342,0.824228048324585,0.7017189264297485,0.0,0.4667127430438995,0.197448655962944,0.0,0.0,fixed_teacher_qat_kd,5
5,0.7922499775886536,101.86866945802468,0.6037973165512085,3e-06,0.8875390291213989,0.8418794870376587,0.7196666598320007,0.0,0.4395255148410797,0.1642661094665527,0.0,0.0,0.7770000100135803,0.6654324531555176,0.8652954697608948,0.8298906683921814,0.6905965805053711,0.0,0.4654452502727508,0.1999816000461578,0.0,0.0,fixed_teacher_qat_kd,6
6,0.7918333411216736,96.38865691702811,0.5977672338485718,3e-06,0.8891951441764832,0.8414586782455444,0.7191666960716248,0.0,0.4365022480487823,0.1612588912248611,0.0,0.0,0.781499981880188,0.6604493856430054,0.8635016083717346,0.8136363625526428,0.7239636182785034,0.0,0.4635879695415497,0.1968558132648468,0.0,0.0,fixed_teacher_qat_kd,7
7,0.7928333282470703,89.67394199996488,0.6016524434089661,3e-06,0.8877962231636047,0.8435666561126709,0.718999981880188,0.0,0.4377815425395965,0.1638652980327606,0.0,0.0,0.7820000052452087,0.6560186147689819,0.8672213554382324,0.8124293684959412,0.7269969582557678,0.0,0.4618466198444366,0.194166213274002,0.0,0.0,fixed_teacher_qat_kd,8
8,0.7955833077430725,87.1579325409839,0.5950095057487488,3e-06,0.8885894417762756,0.8479498028755188,0.7203333377838135,0.0,0.4367978572845459,0.1582056730985641,0.0,0.0,0.777999997138977,0.6641919016838074,0.8646821975708008,0.8187134265899658,0.7077856659889221,0.0,0.4658044576644897,0.1983818411827087,0.0,0.0,fixed_teacher_qat_kd,9
9,0.7931666374206543,91.69024649995843,0.598366916179657,3e-06,0.8886901140213013,0.8451727032661438,0.7178333401679993,0.0,0.4371467232704162,0.1612143814563751,0.0,0.0,0.784500002861023,0.6580560207366943,0.8673475980758667,0.8206896781921387,0.721941351890564,0.0,0.4629692733287811,0.1950810104608535,0.0,0.0,fixed_teacher_qat_kd,10
10,0.7918333411216736,99.71432004199596,0.5962722301483154,3e-06,0.8871901035308838,0.8431987166404724,0.7170000076293945,0.0,0.4370119571685791,0.1592543870210647,0.0,0.0,0.7799999713897705,0.6481369137763977,0.8683825135231018,0.7980455756187439,0.7431749105453491,0.0,0.4577320516109466,0.190399095416069,0.0,0.0,fixed_teacher_qat_kd,11
11,0.7918333411216736,95.91275004204364,0.595986545085907,3e-06,0.889746904373169,0.8402642607688904,0.7206666469573975,0.0,0.4352741837501526,0.1607068032026291,0.0,0.0,0.7825000286102295,0.6636796593666077,0.8647598624229431,0.8266509175300598,0.7087967395782471,0.0,0.4668000936508178,0.1968737989664077,0.0,0.0,fixed_teacher_qat_kd,12
0,0.7891666889190674,149.23107204202097,0.575079083442688,1e-05,0.879012942314148,0.8101537227630615,0.7553333044052124,0.1286533027887344,0.4517978429794311,0.1232757866382598,0.3768645823001861,0.5055314302444458,0.7724999785423279,0.5883499383926392,0.858871579170227,0.7846481800079346,0.7441860437393188,0.1233144551515579,0.4700954258441925,0.1182487830519676,0.3597358167171478,0.4830637872219085,co_study,1
1,0.7905833125114441,152.7473679999821,0.5474174618721008,1e-05,0.8840869069099426,0.8147680163383484,0.7521666884422302,0.1028474420309066,0.4467782080173492,0.1006335616111755,0.3795098960399627,0.4823705554008484,0.7760000228881836,0.572146475315094,0.8659660220146179,0.7937024831771851,0.739130437374115,0.1132209971547126,0.4635571837425232,0.1085836961865425,0.3565655350685119,0.4698001444339752,co_study,2
2,0.7882500290870667,125.80302279203896,0.5400962829589844,1e-05,0.886157751083374,0.8095579147338867,0.7538333535194397,0.0975402295589447,0.444549411535263,0.0955411046743393,0.3784210085868835,0.4759746789932251,0.7720000147819519,0.5745760202407837,0.85992431640625,0.7893593907356262,0.7350859642028809,0.1101969480514526,0.4676509797573089,0.1069193705916404,0.3562224507331848,0.4664328396320343,co_study,3
3,0.793666660785675,115.89437058300246,0.5373474359512329,1e-05,0.8868436813354492,0.8133001327514648,0.762333333492279,0.0953003168106079,0.4437902867794037,0.0935515463352203,0.3760137856006622,0.4713276028633117,0.7684999704360962,0.5760523676872253,0.8590335845947266,0.7635270357131958,0.7704752087593079,0.1093423143029213,0.4701985716819763,0.1058479771018028,0.3569265604019165,0.4662823975086212,co_study,4
4,0.7943333387374878,107.28297950001432,0.5332996249198914,3e-06,0.8860386610031128,0.8171695470809937,0.7583333253860474,0.0940568968653678,0.441076785326004,0.0922171026468277,0.3736897706985473,0.4677602648735046,0.7760000228881836,0.5694302320480347,0.8610744476318359,0.7838404774665833,0.7553083896636963,0.1034061312675476,0.4680783152580261,0.1013462021946907,0.3579939305782318,0.4614135324954986,co_study,5
5,0.7957500219345093,113.75632708304327,0.531735360622406,3e-06,0.8866328597068787,0.8155788779258728,0.7643333077430725,0.0926629826426506,0.4408325552940368,0.090896837413311,0.3721338808536529,0.4648103713989258,0.7770000100135803,0.5686056017875671,0.8646827936172485,0.8060879111289978,0.7229524850845337,0.1077847778797149,0.4642675518989563,0.1043323054909706,0.3537173271179199,0.4615155160427093,co_study,6
0,0.7901666760444641,106.60843841702444,0.5334866642951965,1e-05,0.8836352825164795,0.814259946346283,0.7518333196640015,0.0,0.4453303515911102,0.0881504341959953,0.0,0.0,0.7774999737739563,0.5713120102882385,0.8649930357933044,0.7918455004692078,0.7462083101272583,0.0,0.4639344215393066,0.1073719933629036,0.0,0.0,tutoring,1
1,0.7941666841506958,75.79447691701353,0.5294431447982788,1e-05,0.886858344078064,0.8190527558326721,0.7551666498184204,0.0,0.4424653351306915,0.0869721993803978,0.0,0.0,0.777999997138977,0.5705349445343018,0.8653960227966309,0.7829698920249939,0.7623862624168396,0.0,0.4641810059547424,0.1063484624028205,0.0,0.0,tutoring,2
2,0.7895833253860474,95.62626512499992,0.5317757725715637,1e-05,0.8845426440238953,0.8107672929763794,0.7555000185966492,0.0,0.4447484016418457,0.0870217159390449,0.0,0.0,0.7774999737739563,0.5695921182632446,0.8652701377868652,0.7969432473182678,0.7381193041801453,0.0,0.4620932638645172,0.1074930652976036,0.0,0.0,tutoring,3
3,0.793583333492279,100.45819095801562,0.5265095233917236,1e-05,0.89017653465271,0.8199818134307861,0.7523333430290222,0.0,0.4400071203708648,0.0864968076348304,0.0,0.0,0.7724999785423279,0.5695117115974426,0.8654348850250244,0.777546763420105,0.756319522857666,0.0,0.4644374251365661,0.1050684824585914,0.0,0.0,tutoring,4
4,0.7980833053588867,99.52307387499604,0.5211009383201599,3e-06,0.8898917436599731,0.8228921890258789,0.7596666812896729,0.0,0.4377269744873047,0.0833684355020523,0.0,0.0,0.7749999761581421,0.5650163292884827,0.8653285503387451,0.7984496355056763,0.7290192246437073,0.0,0.4604004919528961,0.1046100333333015,0.0,0.0,tutoring,5
5,0.7943333387374878,88.51575495797442,0.5249428153038025,3e-06,0.8875895738601685,0.8196958899497986,0.7546666860580444,0.0,0.440863698720932,0.0840737894177436,0.0,0.0,0.777999997138977,0.5710525512695312,0.8659780025482178,0.8093075752258301,0.7209302186965942,0.0,0.4623427987098694,0.1087041646242141,0.0,0.0,tutoring,6
