iteration,pr_auc_delta,f1_delta
0,-0.002732860626647793,-0.0013716384917542568
1,0.0008462717886327242,-0.0018295544173879685
2,0.0008360448757923633,-0.005552823647397065
3,-0.0009750418539952177,-0.0041026106577518595
4,-0.0007085731781990567,-0.0068549204007907205
5,-0.0006199358871329386,-0.005790971653140908
6,-2.4947911956951785e-05,-0.009619670939811087
7,0.003078475612259046,-0.003675152865038389
8,-0.004309854304954119,-0.012457450155896943
9,-0.0002191415434360522,-0.004088164190464649
10,-0.0007325961028803452,-0.004356752967099031
11,-0.003640093447660142,-0.0077966679503286285
12,-0.003539471632384439,-0.006334511420417743
13,-0.0007782199459931416,-0.007897137829327328
14,0.0040013902657619616,-0.008279644497307337
15,-0.002533845233593346,-0.009358021160995156
16,-0.0028553337112492416,-0.0235870833873687
17,0.00044218851109734114,-0.012656825127783433
18,-0.0023332552430196385,-0.01226383180289703
19,-0.0011918049162135125,-0.012342972940471042
20,-0.0028704051172777634,-0.011028225411774506
21,-0.002837609879622338,-0.0053715633790037964
22,0.0039066000024901015,0.002624538434622403
23,0.0018722797579134864,-0.01303701755837583
24,0.00012387516353651318,0.007440458325830179
25,0.0035745743690400733,-0.007096927839961853
26,0.0006493632830710805,-0.010902557170950788
27,-0.002816129133664358,-0.012970469021424513
28,-0.00021379233540008702,-0.00944851322826512
29,-0.004841231735894347,-0.011571439411184437
30,0.0005426626045977878,-0.01891968020331447
31,-0.00034045497266954605,-0.006638648609818554
32,-0.002003908100779994,-0.00446315255097729
33,-0.0003512916257748522,-0.01336032321790781
34,0.0017869709192942507,-0.016331275729090322
35,-0.0014710591542536067,-0.011333262054955662
36,-0.004107341147515764,-0.008148485033456221
37,0.0011358469055640086,-0.016197183098591528
38,-0.0015080687078937727,-0.005932567986776327
39,0.00011202941860044557,-0.01132075471698113
40,-0.0005240829736854469,-0.019791965717556925
41,0.00478147147176633,-0.010186253996740557
42,0.004199004287635644,-0.0014817707115017953
43,-0.002541632624533774,-0.011895992800730948
44,-0.005053954950403838,-0.019132682499019116
45,0.0033658835544821963,-0.005692249750208878
46,-0.0017812126298814013,-0.009131063199499967
47,0.0003906985485677694,-0.01376975384834389
48,-0.003997312909864159,-0.0035624422424125335
49,0.0017196475240585096,-0.01478081824112576
50,0.0029118270670299706,-0.0056818575756945044
51,-0.004888404748737196,-0.013751094643936757
52,-0.0033044328800083678,-0.01003733761593073
53,-0.0007430087233313287,-0.003115827192936904
54,-0.0015026716093120562,-0.009080657439080042
55,0.0030793025375471794,-7.43102888394187e-05
56,-0.0012454533241311738,-0.004359896703284183
57,-0.00025737408656612004,-0.009845956175020598
58,-0.004674535661096879,-0.00835071397759568
59,-0.002194171074371698,-0.01622667531758437
60,0.0012817260801402108,-0.020295957358775207
61,-0.0004929036949314902,-0.005188142916666472
62,-0.004568778693968323,-0.019185014852471927
63,-0.004004471770087448,-0.013760802462776
64,-0.002590220555392153,-0.008237533476273096
65,0.0031116918444010766,-0.007475083056478371
66,-0.0015361881761624119,-0.015616702071163058
67,-0.0035078035883364667,-0.006524421730728647
68,-0.003573286573501422,-0.010797292139571257
69,0.0014692339039978908,-0.012113370301909954
70,0.0010887021037552236,-0.00884053160890319
71,-0.002612674147232541,-0.008235704549879874
72,-0.0004227449889664392,-0.02323683719121794
73,-0.0019928238470332538,-0.0171782136311468
74,0.00032173974369265057,-0.01163190830054206
75,-0.0015554097461236704,-0.013774904141878541
76,0.0010153610544894054,-0.00459584952146308
77,-0.003794667543366992,-0.007135595903029035
78,-0.0017129197505005855,-0.011676400767441364
79,0.003931811417817732,-0.0006529798858010416
80,-0.001327131546672855,-0.015352164217436792
81,-0.00387733818115521,-0.011516590549474293
82,-0.004073887017918554,0.0010656486783503505
83,0.0011605503057392497,-0.011579118420339873
84,-0.0008179301883932677,-0.007733165309060874
85,-4.986094156256282e-05,-0.00910009930148703
86,-0.002973426295537429,-0.0046508765566753985
87,0.0019283693299770865,-0.0050333838322372815
88,-0.004330583111778363,-0.0070277490448968916
89,0.000645931426639601,-0.006125121127686151
90,0.0008442823992071968,-0.010036153397232406
91,0.003590827641839378,-0.008336674603213856
92,0.0013540993926478562,-0.01492278865413188
93,-0.003741100626417526,-0.015211394794135469
94,-0.0010020861196557984,0.00035750934867628814
95,-0.0011753397649025832,-0.007545313126075315
96,-0.007699371601880389,-0.017545371020336376
97,-0.0039169101124354455,-0.014664530187015856
98,0.000846745039298491,-0.002681043179963205
99,0.0031557330164883046,-0.018151121987935892
100,-0.0007573219504962703,-0.017055447560862746
101,-0.00029333456271096736,-0.015634774323176615
102,0.0020320226244585626,-0.012473766650814011
103,-0.002419667088012334,-0.00804159923349368
104,-0.00047004532363026374,-0.013162546572026868
105,-0.0021536063891153256,-0.015019308710601531
106,0.002753284287227209,-0.005825111501554292
107,0.001527547698576881,-0.011162755519496192
108,-0.00014741359828940315,-0.014703480947627967
109,-0.0006499949679619199,-0.007216563923881036
110,0.0006221406819679753,-0.008142595368982208
111,-0.0007707611049042606,0.004672160310219553
112,0.0026176479104847994,-0.006697928235503858
113,0.0016628743993661876,-0.0025595414483697843
114,-0.0017908444375107635,-0.005482899793400331
115,0.0007634639103336616,-0.013278590600102502
116,0.0005381733207280304,-0.004490685648365411
117,0.0009743214336063177,-0.0017894189793160598
118,-0.003810449835730645,-0.0066900669328971984
119,-0.002946216456606976,-0.008047623813311255
120,0.003582448689665063,-0.0024448726253585296
121,-0.0005539710541095921,0.0014742983599701498
122,-0.00029590396578837996,-0.008538023774711023
123,0.0014860556305136274,-0.003489068696148845
124,0.0018489823148037932,-0.007405674297320641
125,-0.0009997592013356593,-0.015262336822392086
126,-0.0016562067658785207,-0.007573306476148511
127,-0.0015064466068943627,-0.007383834758053709
128,0.002564805876175691,-0.0021528609175223146
129,0.0019933430101338745,-0.007327741781750774
130,-0.0016084545598493705,-0.010418262601501471
131,-0.0005948628965058989,-0.004385310928867736
132,-0.0024604985075472596,-0.014628134041126284
133,-0.0023730405133137733,0.0005326094726032515
134,0.0041114701780397,-0.009506429537353589
135,-0.0006263107326489603,-0.008650696150696247
136,0.00042640897503165576,-0.00696166937990228
137,-0.0017562533081908471,-0.010816388946921052
138,0.0006345228346534837,-0.01666788046512757
139,-0.002777506800260565,-0.01346057629626185
140,0.0027297606454748102,-0.01099373113039448
141,-0.0008790692911697651,-0.010055492755112527
142,0.0019158822016666077,-0.007345115426651505
143,-0.0007679992086749854,-0.00362974831691365
144,-0.0013633666901257113,-0.003863667102475099
145,-0.0012912060004809378,0.00035633249790789634
146,-0.0007728161558466784,-0.011749972849547596
147,0.0035113398983408484,-0.0076724243500275735
148,-0.0002359701235876699,-0.006757467656862026
149,-0.0019422982270544953,-0.01010869883261023
150,-0.0009545060681024342,0.004568493655040307
151,0.0005822246641337125,-0.009107006434685427
152,0.004563208115077266,-0.000748801418818168
153,-0.0009990011457940984,-0.008927335033611095
154,-0.00230707323863355,-0.0024780169432562227
155,-0.0017049202038232902,-0.004852039324310886
156,-0.002558210614925227,-0.0083496542924123
157,0.0013218875241380879,-0.012216820471601775
158,-0.0009500521806453666,-0.01084874229551891
159,-0.0026297189236903495,-0.015653076031163837
160,0.001339837919277942,-0.0075929176252934605
161,-0.003966560753115633,-0.008764035652580882
162,-0.005295787193889123,-0.00038766260475098235
163,0.0018432011359262868,-0.015428486820937337
164,-0.00043533401645157177,-0.012120074823366855
165,0.002843838972266477,-0.005058087242509779
166,0.002321320092570356,-0.005331807143403866
167,0.00031513318574249993,-0.005207324204260844
168,0.00023145801793222898,-0.011942450320298503
169,0.0006458138126422819,-0.015354537642187083
170,-0.0026692541608869247,-0.012235574250786252
171,-0.0010320800710181821,-0.011277655198262071
172,0.0026987531660431774,-0.015745242261548276
173,-0.0027939966509882286,-0.013808525848216235
174,-6.566137260333171e-05,-0.012297404510937304
175,0.0029255298055759216,-0.007465100722659046
176,-0.0016228268395165335,-0.006202117107873328
177,-0.001875371804610615,-0.0019129869291878432
178,-0.004076115141791736,-0.005576998973366942
179,0.0007771950846917619,-0.007927382031085894
180,0.0009202379378223657,-0.00279992911571858
181,-0.0007180449627064434,-0.0138889909058042
182,-0.004424418228997418,-0.012169333145511496
183,-0.00016732102205030408,0.0019413733789175325
184,0.002571203513768716,-0.009433111348296053
185,-0.0006517748273618951,-0.016468779569036585
186,-0.003276100622682465,-0.013214662666677368
187,0.0025352677679476576,-0.0056853890073168545
188,-0.005173952833020468,-0.01980995413807074
189,-0.0011239039140706897,-0.005652313722657731
190,-0.005228352833198113,-0.01434375294268353
191,0.0051478151983892495,-0.016575184814623833
192,-0.002013635604689812,-0.01263351473327734
193,-0.002438899086637525,-0.01054569644751746
194,0.0004909097314316213,-0.014086360586918478
195,-0.00265247846978367,-0.007003235672177643
196,-0.003278955378816284,-0.011476460565771007
197,0.002150889001360179,-0.008343448551160981
198,0.0021770107781878822,-0.007985995053145234
199,-0.0017844458446595324,-0.011013430495205867
200,-0.0016095085927471109,0.0039370487399063014
201,0.0041644943828125225,-0.0068146556214055964
202,0.0031975537011048605,-0.013539131173958108
203,-0.0007304665408663924,-0.009094581771376453
204,0.0010337320032081099,-0.012153738059288766
205,0.0008877802260918166,-0.005540565590821944
206,-0.0018963487726011419,-0.012487183339527475
207,-0.00038127008265076423,-0.010925410424993398
208,0.0004045271751775825,-0.0027868076401693642
209,0.0017314288753557117,-0.011685856829144803
210,-0.008238832250420325,-0.01576994434137291
211,0.004083687222961818,-0.011375634249199185
212,-0.0025247805453991745,-0.009443079683375433
213,-0.0019103257440565846,-0.005357367593725071
214,-0.005515531869063617,-0.01014721935143792
215,-0.0004419504402479735,-0.007038434685022299
216,-0.004645847271044445,-0.013064533857483629
217,-0.0016819630915574368,-0.013069522284030577
218,-0.0010534186972432913,-0.011583184257602852
219,-0.0025387208676169726,-0.008520155077575753
220,0.0003891187087085024,-0.009839632112493168
221,-0.004805564636719217,-0.010681245903036651
222,0.0012905742368283235,-0.0027092253795251153
223,0.002762901206133095,-0.0031619803346558673
224,0.00017395235821238142,-0.008826193640172786
225,0.0003570007088712357,-0.014265809719351985
226,0.0014465951421662737,-0.0041079356868830574
227,-0.0004722127225953443,-0.0039545981709983025
228,-0.0009083590084607573,-0.007276347511097292
229,-0.0011993346319654208,-0.013756771068821672
230,-0.0013131850198528916,-0.0076872636906601954
231,-0.0018786794891497705,-0.005572874122726668
232,0.0009655786451046033,0.004982903402182104
233,-0.0002067970891320714,-0.00399382813041671
234,0.0006778026457120445,-0.014972706848026207
235,-0.0008582246586383846,-0.008114378291467106
236,0.0025813818240852937,-0.007118927618303461
237,0.0075549102240670685,-0.00032005077292718287
238,-0.00212461831288957,-0.008746632759400463
239,-0.0018039886850645948,-0.01098004436223421
240,-0.0018472292802451662,-0.0070045873643094225
241,-0.0032910606921171537,-0.007857974150798142
242,-0.005992698824905607,-0.006659092590899807
243,-0.0032767685899565135,-0.008110233782319232
244,-0.0027237752173576713,-0.014500423224033776
245,-0.0018568588597822622,-0.0007699052231638914
246,0.0025863015000664458,0.0037043906940241733
247,-0.0007862871172031882,-0.01312936218778804
248,-0.0002959489585202535,-0.0023856719350254796
249,-0.0012074678070811418,-0.011567578220392338
250,-0.0009315024202284361,-0.009431740868019678
251,-0.0030371326552964817,-0.015597993007524957
252,3.12104448947359e-05,-0.008540905673232846
253,-0.003805452918798191,-0.018282409801516852
254,-0.004672704244149006,-0.00919957469691568
255,0.0006443547582140052,-0.014937757888673575
256,-0.0025193182624126953,-0.006755112668847096
257,-0.0006162152184961966,-0.01732381814481898
258,-0.003024676074969923,-0.0011214872084437388
259,-0.0020686521016849424,-0.016724332076418214
260,0.004746198075127439,-0.01393191488599499
261,0.0029468115232438308,-0.0023713134588799756
262,0.0013581353194382917,-0.013370695269721566
263,-0.0008254955647007955,-0.0028468674595817367
264,-0.0005625582308836918,-0.0066170888019995155
265,0.003909502532197684,-0.0031465225276237074
266,-0.007480104969146972,-0.009168226159323223
267,0.0012058736685489624,-0.0057429380569324895
268,-0.00399930211547328,-0.019947326015025135
269,-0.002340532353207747,-0.011988848072061797
270,-0.0010582914955845624,-0.011046999651955547
271,-0.004274585659194585,-0.005241237209255956
272,-0.0034284551180379097,-0.017089402782210827
273,-0.002080833212896316,-0.01456855021189607
274,-0.0014167685007351327,-0.01211616310893604
275,-0.009192050551389386,-0.01116336031276255
276,-0.0012101720038493191,-0.011255204941260422
277,-0.0015843389178690215,-0.006395179077783308
278,0.0011273864854904891,-0.0010126259303999685
279,0.00264595554689695,-0.007932457508576629
280,-0.001391652043941205,-0.01258271940813338
281,-0.00037918054780550214,-0.004791362373628871
282,-0.0014952975872690732,-0.00950423420468638
283,0.0020809759477177225,-0.004288936354028494
284,0.003246637983029377,-0.004530675941475715
285,-0.006541577392265019,-0.0036020533283455114
286,-0.005162734828903948,-0.01561282314759238
287,-0.001958867602935288,-0.017084821715372955
288,-0.002327306617621927,-0.009495850530333305
289,-0.0026870766862202577,-0.0075414955066357425
290,-0.0030621600669480387,-0.014613473813517741
291,-0.004781986642653724,-0.009411459683691947
292,-0.005966937242396275,-0.008737337117160848
293,0.0007376996444942163,-0.005662067275600036
294,-0.0020719781913278723,-0.006349592753755462
295,0.0013010437866874947,-0.014208148843866009
296,0.0020669266396258212,-0.004731438156250434
297,-0.0026013728751028697,-0.008803937164446163
298,0.00179885265466595,-0.004091360042416725
299,-0.003954870634142793,-0.00457537690165577
300,-0.0012666595385788515,-0.019505297995291104
301,-0.0005449027886824664,0.0011903328459619278
302,-0.0005511762223771033,-0.015265200743595053
303,-0.0017756107744513194,-0.010797967130882435
304,0.0009824579160402358,-0.006277148070495064
305,-0.0030666568130048866,-0.010223319394173647
306,-0.0029111254760579852,-0.005362313404175922
307,-0.004487418480881411,-0.008279900639501014
308,-0.002711442025906341,-0.010669210835657417
309,0.00026651265841914906,-0.0025029564637403245
310,-0.0022390968237093745,-0.010119362756894623
311,-0.0010064375026703765,-0.003575334433562949
312,-0.0033355735040796475,-0.006577687691058376
313,-0.004917745608198132,-0.0212695454711036
314,-0.0016369242810683193,-0.01724502919317572
315,-0.0004110279220993496,-0.005122304625395646
316,0.0009143019339393765,-0.0076463274064019204
317,0.0028791496902268454,-0.0012692382994906604
318,-0.0024900060813553004,-0.01390015515692633
319,-0.003802436801265574,-0.015591775871087843
320,-0.002452795963994725,-0.010291810558087366
321,-0.002553064622972112,-0.008486754945277175
322,0.005735751910989739,1.1303688280395185e-05
323,-0.004718508484791606,-0.013578280817502786
324,-0.0025970500730628787,-0.0109390155161323
325,0.004097852840096117,-0.00526545746877638
326,-0.0053698417392255005,-0.01415315432935138
327,-5.428674449370341e-05,-0.015429512122119071
328,-0.0005712907270547518,-0.002376148667141531
329,0.003070765744743187,-0.009428582990291812
330,-0.0034229440260502564,-0.006263200058262308
331,-0.005899171154051919,-0.013254705288196278
332,-0.0032410064598498156,-0.01156269724947312
333,-0.0013932239618255071,-0.013406136669247393
334,-0.005012110313401985,-0.01719372573643929
335,0.0020514452120813376,-0.005003160659168615
336,0.0021972156871982174,-0.001998111398353375
337,-0.001650327638537008,-0.0018553360332015378
338,-0.0015286535227314602,-0.0011258850249806773
339,-0.004743085878541109,-0.012451342550699684
340,0.004144969686683431,-0.007172333788709184
341,0.0018336723297111002,-0.008955579627024646
342,0.00010560830704786639,-0.008936746969661735
343,-0.0048814891855476494,-0.019543449205302488
344,-0.0032713692366097558,-0.002508582169347351
345,-0.0027630482486667995,-0.009549351129547468
346,0.0009189204565853704,-0.0011946833115675792
347,-0.0022787110124991017,-0.013773957719920626
348,0.0028899230001744325,-0.008989336351309385
349,0.0025321843949643874,-0.015077709490880387
350,-0.0005427526014750716,-0.009589326662497344
351,0.0004285247895919886,-0.012650481105219269
352,-0.0005998418699435515,-0.007071770150322232
353,-0.002731311128288394,-0.008240431267959591
354,-0.0038505888742405014,-0.003206525820782624
355,-0.0037162385034699152,-0.009176208610725323
356,-0.00398034028615557,-0.013430574540483908
357,-0.001093917747135409,-0.01592258036199612
358,-0.002344324462776104,-0.008459645699381735
359,-0.0021465824394353294,-0.0047618291701155835
360,0.0026532578972296994,-0.008671697209246654
361,0.0017569248681563732,0.00417838270796711
362,-0.0012978569856531008,-0.0060592679477007305
363,-0.0032715867586501357,-0.009666238140957906
364,0.0006023941626122076,-0.007944517890583813
365,-0.0009717908687297827,-0.01209506914299685
366,0.0020659048054584295,-0.003831249671231385
367,5.021482545197742e-05,-0.004870784252250626
368,0.0008269456283368504,-0.01753102448641719
369,-0.0017163150596354315,-0.0050355932675724135
370,-0.0007622213243972942,-0.012607637641519287
371,-0.002545825798752621,-0.023115496198479413
372,0.0009072345364620205,-0.004998728951945641
373,0.0012527262726661492,-0.0033744599597850256
374,0.0008442142579215828,-0.009311877224964182
375,-0.006024779628071353,-0.01680792475771553
376,0.0014486972214156069,-0.0010203003808969546
377,0.0033294350413897167,-0.0036269965567913287
378,0.0014860581162891018,-0.007876056939393195
379,-0.0027917835944696323,-0.0035191068650414215
380,-0.001609780293723384,-0.0037067063554484525
381,0.0038994223929421645,-0.010243484563935201
382,0.001829573020418307,-0.004794969212629341
383,-0.0016487449238272722,-0.016222824771219613
384,0.001374503583253972,-0.0066817027351228075
385,-0.001972004871379718,-0.00959400751924655
386,0.0013034746134447106,-0.00740336614987791
387,0.004321078700947889,-0.006196787563066852
388,0.002620233355813406,-0.011217552968639577
389,-0.0033807373494835202,-0.004338004924595462
390,-0.0021794803603802926,-0.014347345846339343
391,0.005618203254093901,-0.0032095441708237527
392,-0.0024362440836277477,-0.009656929632964273
393,0.0016187076301399372,-0.0016929551605326942
394,-0.0005872376789443079,-0.004378928871098697
395,-0.0031387312170946258,-0.008071294021706477
396,-0.0018543934101130644,-0.011099691675231171
397,-0.0018256053052698729,-0.014446053932704372
398,-0.0023724587517234275,-0.005377663129809251
399,0.0005299612070044368,-0.006406909642865721
400,-0.0017647989602962433,-0.011580184787988834
401,-0.00501101294496431,-0.010870475924491863
402,-0.002947065428350326,-0.004341278523911862
403,-0.002182263939013218,-0.012633203871896814
404,0.000515664309216679,-0.0027166729554495284
405,-0.0020790684869184117,-0.005530314503508604
406,0.00029602985871990395,-0.009376862926816387
407,-0.0008180370160812966,-0.015492159455885113
408,-0.00022297188761544184,-0.0024128319107263874
409,-0.0012754075798155906,-0.008014493778003784
410,-0.0015837944133652027,-0.006263297513849242
411,-0.002104529958197432,-0.0042130109423904605
412,-0.004375058337548476,-0.01462143723419207
413,-0.0016669181259765242,-0.005545379902734848
414,-0.0020614287666810283,-0.011603098753554697
415,9.46017540949251e-05,-0.0014009090411986058
416,-0.0016587196969644058,-0.006358049635526886
417,-0.0013289885795408907,-0.004306137805009103
418,0.0007923559300249128,-0.0074994572761182265
419,-0.0028370629031051475,-0.0029450062053671955
420,-0.0028931612361152714,-0.016465217813459
421,-0.0014467794901248388,-0.012631229584083026
422,1.0583086474835746e-05,-0.0022122281320764436
423,-0.005184094742693213,-0.004334597357853243
424,-0.001965123327671514,-0.005678161145322824
425,-1.0239101590814315e-05,-0.007239253468248497
426,-0.0062716668339836135,-0.022742375182205676
427,-0.002996466222865757,-0.01489494608087627
428,-0.0007351259419725586,-0.010628902459568379
429,0.0011657996341607468,-0.01700897509159971
430,-0.003863846676871008,-0.01784231767771527
431,-0.003049076914840354,-0.013534001341098056
432,-0.0013995809245892499,-0.015042161574032153
433,-0.0021046739593000297,-0.005944576955681513
434,-0.0020330891674850138,-0.018325856077237135
435,-0.00210149972903928,-0.001374856098614985
436,-0.002902440005935314,-0.005463799012905501
437,-0.0030456317478014805,-0.018627747209913226
438,-0.0005586480400158189,-0.012836742073818685
439,-0.0023435882411316777,-0.007875457875457847
440,-0.005816037417951447,-0.010261493944914823
441,0.0005403886208121822,0.0004899917327578773
442,0.002763006544803881,-0.009375765628660493
443,0.00017656326799653232,-0.009269946115070371
444,0.0024252039786274437,-0.006490991176453242
445,-0.0008065490846855816,0.0012673270533836156
446,-0.004305270587312449,-0.004085122533190044
447,-0.000948502068994328,-0.012659892502239534
448,-0.0023493336268821663,-0.0030913297530988926
449,-0.001385253824686794,-0.014020050165058362
450,-0.0016511003353836262,-0.0021324137751324024
451,7.473348805098201e-05,-0.003682079085132295
452,0.0007710736249945116,-0.012764843335798859
453,-0.003403401330888789,-0.008816699120962834
454,-0.001829272153196948,-0.014064239784437826
455,0.006053142174356596,-0.0029047018097984045
456,0.0024256198986678523,0.0012423590653839467
457,0.001584656817682717,-0.0038833113384202367
458,-0.001803989218212565,-0.011713423013611668
459,0.002762714975335867,-0.011692442569877337
460,-0.002232981017493918,-0.01953994447406593
461,-0.0022775172327272886,-0.006432066134293146
462,-0.0023174510437260487,-0.011341217536837922
463,-0.001247289097662474,-0.008573711789138794
464,0.0017906595161136796,-0.006461809786577621
465,-0.0009426351723489379,6.150610383559574e-05
466,-0.00048075584031415097,-0.0049121349227727595
467,-0.0024106901640116307,-0.016812888052358588
468,-0.0015089535750506533,-0.005908427645416325
469,0.0006172942276325699,-0.00460407277033914
470,-0.0038226573131030506,-0.013397707311624818
471,0.0024666678941411835,-0.00386086637405747
472,0.003313526692218405,-0.002706763721751493
473,-0.0018467920485301104,-0.013397187666145838
474,-0.003061961075572661,-0.008183966860830671
475,-0.00012654232162789825,-0.022541524725097295
476,0.005712660168799344,0.0005612900551341671
477,-0.0019012452204134611,-0.015800425796766215
478,0.0016325819350497817,0.008554114485478492
479,-0.0033363417318691413,-0.012400193512203672
480,0.0016713159870827,-0.0015055405730154403
481,-0.0019398074126388831,-0.00024865852671795974
482,0.003126082876020231,-0.002464425283441485
483,-0.00027736823449353576,-0.008186660300499082
484,0.002210773433249602,-0.0035114756319836182
485,-0.002275797928856238,-0.011744966442952975
486,-0.0008320479527618163,-0.015017831999259212
487,-0.005543028057376276,-0.012585960814843644
488,0.0009331230378605282,-0.009875725272221358
489,0.004057462092960984,-0.008598759405289869
490,-0.0007272487870930711,-0.00745976253357028
491,0.0029555519300347166,-0.008136643048191061
492,-0.0021908788231863596,-0.01583281251713209
493,-0.0008276749957971674,-0.009666276528530138
494,-0.0035058795624134387,-0.017702876413499435
495,-0.0013238661574694888,-0.002851910572052696
496,-0.006041443659269952,-0.02525278300532685
497,-0.0013410651287645292,-0.010428386412845048
498,-0.000758966240923753,-0.006587791131595799
499,0.005190068018458338,-0.007255225411010424
500,0.0021750003121443484,-0.0038023764853032382
501,-0.005931360849848022,-0.008511988157233863
502,-0.0019285215173309167,-0.008251436655922206
503,0.004863128029796382,-0.008097687687227961
504,0.0015865728207618002,-0.011756586497179145
505,-0.001863207981538162,-0.010843761384720874
506,-0.002231594150272187,-0.013741366901565799
507,-0.0014773702327096627,-0.010776985920389337
508,0.002982767981746348,-0.009601341483204462
509,-0.0011353422464184248,-0.008150196668930243
510,-0.0005558980877982123,-0.006633301912272627
511,0.0007730093014504114,-0.0065846936612252716
512,-0.000497018997279719,-0.004877716465699233
513,-0.004569317331457157,-0.012459085629817346
514,-0.0026597210460659326,-0.01067313047909546
515,-0.0027054006771796146,-0.01503893126327327
516,-0.0038510435540136667,-0.017061492615982554
517,0.0001699908987630172,-0.008394240209447013
518,3.506670279640467e-05,-0.004234945905354781
519,-0.001175266233725769,-0.014785826671561142
520,0.0015182507293103331,0.0027051309167691606
521,0.0013659960933494197,-0.002286139035688084
522,0.004613190360031605,-0.010919664527912043
523,-0.006302737227786626,-0.01021698148079686
524,0.003200854440602141,-0.004845703058839468
525,-0.0015333226163746216,-0.006969885773624118
526,-0.003843788090405309,-0.013170103609882022
527,0.00040279013160426924,-0.016358675002590584
528,-0.0028660953725931915,-0.0028973520976455225
529,0.0005229202498141516,-0.0010204344135075205
530,-0.001043105741546757,-0.014287977924552386
531,0.0017499497887181192,-0.005045906428883029
532,0.0009544969848045426,-0.0025808252578044533
533,-0.0004963772426954671,-0.006111512692782539
534,-0.0008045051454297347,-0.003399973636803
535,0.00032175615926743895,-0.004179600728839494
536,-0.00126659546095087,-0.015759280299502687
537,-2.557484982768088e-05,-0.015310623216367003
538,0.004756186498212411,-0.0023829098717601527
539,-0.0020819001953797933,-0.006933387920969203
540,0.0003017570419457938,-0.0018807185260878434
541,-0.0017568148902773473,-0.00836664274574328
542,-0.0021697492699478405,-0.015550366888308575
543,0.0018770769166305268,-0.0086430061756686
544,-0.002537189674082896,-0.0038292168433420315
545,-0.006532912848989936,-0.019430775369065012
546,-0.002025789572385084,-0.00676864403266586
547,-0.00012576979320144677,-0.013073707777469745
548,0.0022037329402833095,-0.0017409196604944999
549,-0.0018721584811599579,-0.005910752729264668
550,0.001065656692725847,-0.009209531210610411
551,0.0002846517392869341,-0.014661459809139132
552,0.005281642902181916,-0.002763316406770855
553,-0.0004457223020714052,-0.011976982104554668
554,0.0030041145508193923,-0.006903355783772214
555,-0.0011281108271751217,-0.014375660962960723
556,0.0018167123976826627,-0.00814184957798747
557,0.004789847180423634,-0.004089050431621999
558,-0.00464570051159896,-0.01194805194805204
559,-0.0007433670338390375,-0.004401213036084206
560,-0.0025562140029800062,-0.007273366053533237
561,0.002026841286880132,-0.010680034688453688
562,-0.00337185057384759,-0.008619440065832817
563,-0.0015066688941727246,-0.002569707244709507
564,-0.001562411904150962,-0.009152830275943047
565,-0.003425925655492601,-0.019371979609710155
566,-6.895971983589266e-05,-0.00616040169522758
567,-0.004730023230652969,-0.006644167586605687
568,-0.00020110093890224334,-0.009646222310618291
569,0.0012909132784129085,-0.01460868121760961
570,-0.0001713231910701607,-0.005068816901735662
571,0.0001309408811284163,-0.012012427371652756
572,0.004447126799335344,-0.0009278841476216826
573,-0.0013478049780861756,-0.014828110976704223
574,-8.692243167007785e-05,0.001117533170092888
575,-0.00485999611737209,-0.010707001300322205
576,-0.001412251640470874,-0.0049612488822303735
577,-0.003811325807755117,-0.012082184926596518
578,0.0003359720550267786,-0.006180679493847929
579,-0.004941938244080846,-0.019938202417887352
580,-0.00013743681913491734,-0.010318332656208518
581,-0.00038834401312359823,-0.0051242561385423935
582,-0.0012568256643659126,-0.012916500829809996
583,0.001601111323995874,-0.01328717228216203
584,-0.0029446497337276556,-0.016505061990475856
585,-0.0031291400461900265,-0.005593059022663827
586,-0.002440542102755794,-0.014185620890648898
587,-0.002869828246613526,-0.012855275443510727
588,0.007380684815029848,-0.0029042457091237317
589,0.002741313012779467,-0.015323943182748545
590,-0.00404846184484442,-0.012326801753110184
591,-0.0007402419334303634,-0.001348927346661144
592,-0.0004987947333769949,-0.012295583605186233
593,0.005238096616668186,-0.012697543377300224
594,-0.004950524668427825,-0.00518694337183867
595,0.0025174981271807173,-0.019853856822490412
596,-0.00417231566404086,-0.006694354089219368
597,0.000962120403024902,-0.01611467292010793
598,0.004286257237283708,-0.007997675262853776
599,-0.002932687970123471,0.009200878152156644
600,0.00098931923840484,-0.0023143710351284374
601,0.0006405028717051398,-0.006604150699360267
602,-0.000931882759968139,-0.006188754213263703
603,0.007033282290092702,-0.011309442703365646
604,0.0009685516275007577,-0.008387900055213837
605,-0.004631089014029421,-0.012215507265012193
606,-0.00408888403217289,-0.014519371508415535
607,-0.001159820084872698,-0.005418681769714717
608,-0.004012806555687809,-0.01247756326595062
609,-7.701862805808979e-05,-0.011276822968408484
610,-0.0007693453570096764,0.001197472349869666
611,-0.001991671919145732,-0.011526138333702307
612,-0.0006541549910659139,-0.0038546850577478864
613,-0.0041570570909383875,-0.019972573137522986
614,-0.0018008212257791811,-0.00408693685357675
615,-0.0032618720635595455,0.003178010404267795
616,-0.001981614952645483,-0.005976003868065183
617,-0.0009862615793110319,-0.004246610441602017
618,-0.002495262907670104,-0.011351992948096967
619,0.001545536160210581,-0.015354831033416172
620,0.0043165944517862265,-0.004352951081923018
621,-0.00021307766512190796,-0.001015677911306745
622,0.001345476390316236,-0.00829536999569247
623,-0.004489654806865584,-0.013037916021398033
624,-0.0010511650173385956,-0.0126420537045282
625,0.0012322525506012205,-0.00029886173412363437
626,0.004341249806543712,-0.013214416280770136
627,0.0044030966174809505,-0.0032906447950883377
628,0.005303544539564831,-0.014598806435272005
629,-0.002263806189198192,-0.007594673325010404
630,-0.003084876917203938,-0.018751506912931815
631,0.004545974289480337,-0.0022247656194016585
632,-0.0020120913730430345,-0.0022881875278870645
633,-0.005293640380566456,-0.01792616383070267
634,0.0003080386041985905,-0.004084613708014828
635,-0.003345432101057755,-0.009799285629952803
636,0.0023860447710851718,-0.002031762072755905
637,-0.0013372211527487021,-0.0030104429121352583
638,-0.0014239459746316907,-0.012949528783188557
639,-0.0009452011309871722,-0.008935900094902305
640,-0.00041759604056645916,-0.0016445847991931606
641,0.004304703041198121,-0.014032399053213407
642,0.003832385095068558,-0.0036598474303546347
643,-5.605424918253554e-05,-0.008737574324479414
644,-0.0027277435511920967,-0.013192147013000755
645,0.001589481670745796,-0.014776249229392024
646,-0.0009604287955868873,-0.019380829817066347
647,-0.0004002407346407333,-0.010034592388366681
648,-0.005198925602628135,-0.022641200469652012
649,-0.0007853518170526375,-0.011757698248381465
650,0.0012175454850855694,-0.014399924673886177
651,0.001920438667723623,-0.004532167882775218
652,0.005052421994913958,-0.008088613243409593
653,0.004379425409837379,2.9518962460506337e-05
654,-0.006182556035016051,-0.009749385455403936
655,-0.001946297155940968,-0.01235341407666235
656,0.0015001768368394508,-0.0012844620066312373
657,-0.00020184030565983946,-0.005582977245915277
658,0.0013788734326056762,-0.00014956431265433778
659,-0.004979586246473322,-0.006572528883183604
660,0.0006346501414951078,-0.005324368601817953
661,-0.003779516031624519,-0.011654889564526538
662,1.1828970163385577e-06,-0.003110767715942986
663,0.0014738493100603378,-0.014800886538104296
664,0.0018003110592282878,-0.002842495692545355
665,-0.0018918228607104348,0.00010049451676785726
666,0.0036576794701099757,-0.010571856372682431
667,0.002341505060942106,-0.005049067216810976
668,-0.003164231403455009,-0.006442233767258387
669,-0.0023250258102375243,-0.015045953257430411
670,-0.0016088917601646546,-0.0017456656558348937
671,-0.0005482764365740689,-0.020017256331124944
672,0.00394666315344272,-0.0019772157971349458
673,0.0004342439247777552,-0.014262489350231666
674,-0.0010720049906549622,-0.004252329416456702
675,-0.0011953695228950068,-0.0004346212124215487
676,-0.0006326553778635002,-0.0006840558749092729
677,-0.007129920136410006,-0.012201324018755177
678,-0.004319658791512415,-0.005471360092964672
679,0.0016263589840310733,-0.005083049660450367
680,-0.0022825660082173016,-0.007038850251087414
681,-0.004924146813534813,-0.008694481272787602
682,0.0027194181373887405,0.0019589149782914816
683,-0.0018883779142684354,-0.014061205601261006
684,0.0013393880382359669,0.0013656114214772863
685,-0.006232396578135457,-0.009364130020193429
686,0.0002232698419011303,-0.009182789979805595
687,-0.002507973180338241,-0.009785684002872608
688,0.005102327097670445,-0.008269241398075722
689,-0.0002431880251491103,-0.008887251928243356
690,-0.0022155303231419232,-0.005473700313196939
691,-0.0010402279907104628,-0.004456964006259834
692,-0.0027288503049869295,-0.014537778370273036
693,-0.003015227408003529,-0.007795785625974272
694,0.0001722727190531792,-0.01207943500099451
695,-0.0016300911430036091,-0.004968399190732775
696,-0.0015460640967039918,-0.003386957446972927
697,-4.388059905613417e-05,-0.018726735571537034
698,-0.0013041207001488475,-0.008418091852505194
699,-0.0007349121485550336,-0.010636984927724025
700,-0.004858396602601345,-0.019572415282056888
701,0.001445297020382319,-0.005113387036451478
702,0.0007997680170667154,-0.008047316841514496
703,-0.0038607634933945922,-0.011990518559427121
704,-0.00016265415235561242,-0.015227919560049541
705,-0.0002857300637706395,-0.00493340374147011
706,-0.005631616017680918,-0.020371355869292063
707,-0.0004370823944696012,0.0037549658684273846
708,0.0003153028892093346,-0.016595347519385295
709,-0.0015261756741774546,-0.01133745835316513
710,-0.0023944214896314264,-0.011106885282848755
711,-0.002116363716625713,-0.010475429957516713
712,-0.0030693200524918307,-0.018923869846000918
713,-0.001465803616689354,-0.01213130352045666
714,-0.003344778127434056,-0.005897614213717484
715,-0.0023468474008110363,-0.014573984368034698
716,-0.004545435155469568,-0.006659118176048473
717,0.0037540798516858542,-0.012786560848788486
718,-0.0035403990975196864,-0.019874635481198166
719,0.0013643473748475854,-0.004223205958464149
720,0.0006671239843257792,-0.012713084873652858
721,-0.005204508912814876,-0.009683674452304114
722,-0.00046308247784343504,-0.007618930032810445
723,-0.0027820523573772737,-0.0016904910940500617
724,-0.006022207303896243,-0.013232010946727324
725,0.0030516279282971626,-0.008063295898813494
726,0.0013657529412448577,-0.010976166356825634
727,-0.0024710005777462962,-0.0011215869974744441
728,0.001065801040171399,-0.003894593945062641
729,-0.0037519060893952405,-0.015469355752058211
730,-0.0006096689631893693,-0.0051442542405149005
731,-0.003061178744468207,-0.016449601080642307
732,-0.0026106742340978872,-0.009785513637387333
733,-0.002057986867943895,-0.01229379005989284
734,4.1468646046816104e-05,-0.0050995384456759
735,-0.0014182628310810408,-0.002163248376669813
736,-0.001738680016878047,-0.008171930688759876
737,-0.00455134720647532,-0.0130972553169868
738,0.0039297190262433945,0.0028638618894453183
739,-0.0011060131975569876,-0.018113981687228997
740,-0.003597350986528136,-0.015353684953596347
741,-0.0014440213965264403,-0.008280331421774756
742,-0.004035107421144324,-0.01407826996825523
743,-0.001408357028328422,-0.015611781373904732
744,-0.0065558173104531825,-0.01298334926079836
745,0.0009162597581207077,-0.007002625001964802
746,-0.0037977466214476063,-0.01088056057950515
747,-0.0010241540742769173,-0.01021425436565948
748,-0.003712207950448243,-0.014662687255048712
749,-0.0007407173802654876,-0.006901866875855922
750,-0.0028403532162674106,-0.0038330338666425767
751,2.3735350521802978e-05,-0.008492694763038489
752,-0.00334720984634862,-0.00022466246950170188
753,0.0014411871061643655,-0.004851646378003283
754,-0.0004708288606414257,-0.009774832454865212
755,-0.004671402202576891,-0.005154384561049996
756,-0.00424723287196227,-0.004918819023014609
757,-0.0035086745353041238,-0.012255854537695399
758,-0.0005061741722922619,-0.015186228135847024
759,0.0027159335920273753,-0.006290683787649742
760,0.001821940323656679,-0.009966128276614916
761,0.002570135877363211,-0.004524498152973844
762,-0.003956304146874201,-0.01546660255639698
763,-0.0026216457269037097,-0.0025921507572234104
764,0.0052338557190091395,-0.005666932623793475
765,0.003735729469142024,-0.00830782782496331
766,-0.0006753927411231597,-0.007355899135869648
767,-0.00031467140293639506,-0.011561373570311506
768,0.0009034484865518833,-0.019174066416658975
769,-0.00359739472605769,-0.010695815702867928
770,0.0009876628911089647,-0.011078983922883534
771,-0.0026407956340332994,-0.0056128161956194855
772,-0.0022900415818698505,-0.012673274709478433
773,-0.0008948452723869238,-0.012990720365399167
774,0.0026179434591420137,0.005702765668053167
775,0.0029778496627680395,-4.106631002476213e-05
776,-0.0033777676870373474,-0.014567335867291531
777,0.0018852612019253367,-0.002032087547773509
778,-0.0010538216719686577,-0.011549161433908273
779,0.002692870727881269,-0.013271174744649339
780,0.0039341021947880694,0.00540105386416867
781,-0.005641215069546179,-0.006808860905730074
782,-0.0028586501605002423,-0.015001213145101167
783,0.0011834360323417226,-0.007877208012970094
784,-0.0017908889021289731,-0.0060548786720946435
785,-0.0019525325520464154,-0.012327708360170053
786,-0.0018500282818721958,-0.010688898413449333
787,-0.0084767102887231,0.0009080171772272161
788,-0.003849513339697852,-0.014150270141925159
789,0.0009755612127676505,0.0014317752538780537
790,-0.0017325236063234772,-0.010959586524690201
791,0.0005694300209940772,-0.011363788152006893
792,0.0002966521122678145,-0.00016105306112712547
793,0.00040566413562670434,-0.00865586770909188
794,-0.0014126520094333017,-0.010930881840306994
795,-0.00408698313611644,-0.010088680480585643
796,-0.0048158166150167325,-0.010906088942565284
797,0.0003061256849941074,-0.010567287059651709
798,-0.0003899475110648032,-0.010021385614706002
799,0.0025566790733531075,-0.00803848912263927
800,-0.0020004078297932715,-0.004480335548534775
801,0.0020481735528572464,-0.01311464382609473
802,-0.002898322229410888,-0.0105110547299746
803,0.0026660491373526884,-0.009517094059685482
804,-9.415336375184769e-05,-0.008821393175451164
805,-0.002699968348285009,-0.01670376409457075
806,-0.0009528037227108932,-0.0011518628252288332
807,0.00030010545426639723,-0.007675026914452432
808,-0.001376342374275752,-0.009631858898231926
809,-0.00029034602873845294,-0.006521850211794522
810,0.0035100930143178166,0.00428665158109065
811,-0.006129174025483297,-0.023080813234910624
812,0.0029512660095590837,-0.012791799014072125
813,-0.007072841480058378,-0.00632656881721394
814,-0.00030666921473121445,-0.016814140765655794
815,0.0022147334875156632,-0.0011901382330627985
816,-0.003987995974965797,-0.01417220071549219
817,-0.0011705861736581724,-0.014712648197609757
818,-0.004380108857183207,-0.01022131000088855
819,0.0034324522031425886,0.0023819036657974912
820,0.0007905062420267006,-0.006728594151142353
821,0.0004041505627099262,-0.011890024054753034
822,-0.0008610675027271864,-0.012131493589169429
823,0.0005927153682629971,-0.004384388382258297
824,0.001311534903430056,-0.009591952579838914
825,-0.0006459251735919658,-0.008352868267183955
826,-0.0011596756909036943,-0.014573652092363387
827,-0.0011370896790207086,-0.014773480604846734
828,-0.001880920450498036,-0.011635988281902931
829,-0.0015809265727005917,-0.014715309200603266
830,-0.00436144806740979,-0.017197095073020474
831,-0.0034334771225648097,-0.005856299044476043
832,-0.0012387135449459796,-0.006258863408391213
833,-0.001057211302956551,-0.0014260620423679482
834,-0.0038900727815933678,-0.011267303454656874
835,0.005876935850522513,-0.003188611708355382
836,-0.0016588330435853837,-0.007925731205391418
837,-0.0053811340452369905,-0.009776234721861954
838,0.001200801001823959,-0.012123977690155274
839,-0.007267355131850062,-0.014641517882129085
840,0.0036191623099347536,-0.003542154543129894
841,-0.0005503149276594455,-0.014492931981585633
842,0.0008112577312123781,-0.00943884084500457
843,0.002117817846430614,-0.017189281378689025
844,0.0015041102197341782,-0.008298743951324017
845,-0.004562154460446166,-0.008374631939164101
846,0.0009750813458361263,-0.005011302340601098
847,-0.0008305984850910386,-0.0006981249626614172
848,-0.0009167571743051717,-0.01140238704177321
849,-0.0009377801311806211,-0.005020983472704188
850,-0.003531482437590938,-0.021919775792608176
851,0.002519221473526456,-0.006110418020160768
852,-7.234510942366601e-05,-0.006283826389084535
853,-0.0010117598662783278,-0.0016650782024918431
854,0.0019633352635971546,-0.007816039873130953
855,-0.0017923420878050988,-0.014458265150785965
856,-0.006410922745489267,-0.005703537532498637
857,-0.001311810783584555,-0.004557118889176204
858,-0.0015144643316813422,-0.0055014044444879895
859,-0.001683041350743597,-0.012068757029317978
860,0.0006199650964234804,-0.007741947617893596
861,0.0017090276594645681,-0.015166997859501374
862,-0.0007887057084106086,-0.016677876762158372
863,0.0011455658276328107,-0.0072116394705511455
864,0.0020495440087638928,-0.007279112281696087
865,-0.0017777346335565714,-0.008398110884466292
866,0.0008731259448702122,-0.0014716011235722526
867,0.001378644791873107,-0.015623625530746255
868,-0.0015470125061138873,-0.00325492567553598
869,-0.0007370497241423468,-0.0046238953134667415
870,-0.0023506140664361075,-0.00950023257478172
871,-0.00020404063091639113,-0.006251856712764847
872,-0.0012130644195031959,-0.02227747494844723
873,-0.0032984270615509237,-0.006529707405486973
874,-0.001808941527687069,-0.005950142934727398
875,-0.0023527372567472282,-0.011357421583057636
876,0.0019315207639638565,-0.002725153850555717
877,-0.0021418279190849043,-0.006064604575443333
878,0.0029993385658566574,-0.000521584616681614
879,-0.002688326036046962,-0.0025563088552837954
880,-0.0013698936408582663,6.544788167017757e-05
881,-0.0009746253209301781,-0.008324402514182205
882,0.0015980512450504136,-0.0073693762827892195
883,0.002012237233268932,0.007087637448633721
884,-0.0052350617661023335,-0.006961219066963786
885,0.0002998614797423693,-0.0076820501865895174
886,0.004660324244386449,-0.00436773496212528
887,-0.0012392534261164156,-0.011963359638442306
888,0.0027286058761816223,-0.010866072078427491
889,-0.0036274265425233487,-0.006749470248771816
890,-0.000926260333340756,-0.005948919957605048
891,0.003210448494838869,-0.0038208094385969726
892,-0.000637298080702009,-0.006636258299853148
893,0.001901952729781331,-0.009891415282169747
894,-0.002879680344836988,-0.009723625300796956
895,-0.0013051979346698772,-0.011718617565890765
896,-0.002897280080778386,-0.015611091006585198
897,0.0053528672464104865,-0.013466365941613545
898,-0.005739704499783449,-0.001211969420287451
899,-0.003955266631779475,-0.011732414020700466
900,-0.00027093733485084037,-0.000843297732845194
901,-0.00032871368436615533,0.00044399964190988683
902,-0.0019915280662141654,-0.005478302968794924
903,-0.0005043651563978457,-0.003464069178963025
904,0.001817766862503456,-0.007182216763055083
905,-0.005023917118851529,-0.0035066138287023207
906,-0.0033634700518192506,-0.018246092408972014
907,-0.001824982383230589,-0.014300695591024426
908,-0.00635013217347602,-0.0069755595971021656
909,0.005094321988934558,-0.008108769683503714
910,-0.0017131587316447927,-0.01160804190661524
911,0.0006105277083358063,-0.012650014838851753
912,-0.0016762578440491227,-0.0023040094607114092
913,-0.0025450664561383896,-0.007979033922928536
914,0.0020458183115035222,-0.0015970200021570014
915,0.0007684267865887273,-0.006432943538003388
916,-0.0007889610017337567,-0.008788019919034218
917,-0.0030893320613378794,-0.001912918611210901
918,0.0022472815876333208,-0.00839300581453506
919,-0.001563701333167633,-0.01004822645025627
920,0.0018790201313938493,-0.004814710867148353
921,0.0036347910512298798,-0.0012559637890959818
922,-0.003358076725347048,-0.008169481786918342
923,-0.0011889840755223702,-0.012454111238305754
924,-0.0009818887966981382,-0.008532199303739163
925,-0.0015768858534991326,-0.012108105764358057
926,-0.0008744892358752976,-0.013112718117206046
927,-0.001334490143541589,-0.006624701548422207
928,0.0007916897480453322,-0.014223656228077752
929,-0.003465631077871789,-0.013288680422015475
930,0.003322970409959991,-0.0005414486011500186
931,-0.00023022634595570857,-0.009814346963241904
932,0.002414550677697358,-0.005643005643005683
933,-0.006335108785094468,-0.019691753989556582
934,-0.00013758517168538376,-0.011552146817529474
935,-0.0015649188694696337,-0.004265195853782711
936,0.004834142545758535,0.0034610105721444295
937,0.0036673471398405155,-0.008145467264775275
938,-0.0008530164292384068,-0.02048918928063881
939,0.0002257981956317323,-0.003167450124203386
940,0.005054539275037073,0.009154374316856728
941,0.0019877823489232727,0.0008188817256262748
942,0.00726009664046634,-0.003396158517385617
943,-0.0015416792040330307,-0.007310807033663713
944,-0.0012697793102602883,-0.009819584079327814
945,-0.001797614263552627,-0.007229638888744949
946,-9.67398702722555e-05,-0.014022486388127975
947,0.00028054663304810656,-0.006029305789094441
948,-0.004585086378172232,-0.011103473195322122
949,0.0014795306587260804,-0.003600757001008703
950,-0.0004640975503167333,-0.005993638132681389
951,-0.0012759653947294058,-0.009868517270235078
952,0.000351258643410568,-0.0014784366484547062
953,-0.005974233369432258,-0.005432719141542863
954,-0.002065934524890567,-0.013413004100341075
955,0.004633832354777767,0.0017870444624238369
956,-0.004268062803144179,-0.006917945768116773
957,0.002792034219997519,-0.00925925925925919
958,0.0023236146101717203,-0.01578878687927865
959,-0.00018138614041041112,-0.0023537028045594877
960,0.004077970012538734,-0.017104594225778036
961,5.7209504193522775e-05,-0.0024993065665933623
962,-0.0033904596102334317,-0.014915884734744145
963,-0.0004279005611325104,-0.009961441715395813
964,-0.00891471466337701,-0.01841150922301915
965,0.0012092520602615675,-0.0011952627842407582
966,0.002730354386143108,-0.004989809543889279
967,-0.0022203891418098864,-0.000266434725211262
968,-0.0014489434179750793,-0.010470914307156742
969,-0.0008337822236714754,0.0025683105157103814
970,0.004565261725622549,-0.010345160232293371
971,0.0005811244138421712,-0.00721201701203511
972,-0.00202196394883003,-0.004775008435439543
973,-0.002099403500830488,-0.006182896051995512
974,-0.0030070810220081956,-0.004523058525078727
975,-0.0017273322124001789,-0.015882841939763637
976,-0.000821227300120797,-0.017517347347429157
977,0.006306613506020797,-0.008400360569528642
978,-0.000302386491516593,-0.017216808224922664
979,0.000994736250215511,-0.0060398674079019665
980,-0.004344488546991321,-0.009918373940806746
981,0.0012177109573607847,-0.004821415208304369
982,-0.001389625074451839,-0.010382589469666748
983,-0.006361176557910131,-0.01368292777450042
984,-0.00434591559858577,-0.008416742493175589
985,-0.0027996500107980715,-0.012309875952195015
986,0.0016868564174070677,-0.003790807531991236
987,-0.0006838096381795999,-0.001407685295561234
988,-0.00035153456899850166,-0.013359093467557814
989,-0.0011829597152901439,-0.009248999064846775
990,-0.005091891429956363,-0.0017177365014326984
991,-0.0012409734663478833,-0.013469050648451941
992,-0.0008038255313768117,-0.005020029860012709
993,-0.0006973722241202518,-0.01201049538911736
994,-0.0013384103310463136,-0.005055143570631637
995,-0.002224528796161085,-0.01512080333636212
996,0.003818418326875017,-0.005298447532114947
997,-0.002811717181321449,-0.013627925014570441
998,-2.2235537861847732e-05,-0.011860455832891637
999,-0.002812084704004403,-0.016352488873054516
