epoch,hint_loss,learning_rate,val_hint_loss,run,epoch_index,accuracy,gradient_cosine,hard_gradient_norm,hard_loss,kd_weight,loss,pr_auc,precision,recall,soft_component,soft_gradient_norm,soft_loss,val_accuracy,val_gradient_cosine,val_hard_gradient_norm,val_hard_loss,val_kd_weight,val_loss,val_pr_auc,val_precision,val_recall,val_soft_component,val_soft_gradient_norm,val_soft_loss
0,0.5626077055931091,0.0003000000142492,0.688827395439148,fitnets_hint_stage,1,,,,,,,,,,,,,,,,,,,,,,,,
1,0.2597657144069671,0.0003000000142492,0.3754366040229797,fitnets_hint_stage,2,,,,,,,,,,,,,,,,,,,,,,,,
2,0.2365879714488983,0.0003000000142492,0.3540331423282623,fitnets_hint_stage,3,,,,,,,,,,,,,,,,,,,,,,,,
3,0.2256614714860916,0.0003000000142492,0.3456533551216125,fitnets_hint_stage,4,,,,,,,,,,,,,,,,,,,,,,,,
4,0.2192880064249038,0.0003000000142492,0.3397318124771118,fitnets_hint_stage,5,,,,,,,,,,,,,,,,,,,,,,,,
5,0.214363619685173,0.0003000000142492,0.332295686006546,fitnets_hint_stage,6,,,,,,,,,,,,,,,,,,,,,,,,
6,0.2102593779563903,0.0003000000142492,0.3258713483810425,fitnets_hint_stage,7,,,,,,,,,,,,,,,,,,,,,,,,
7,0.2063386291265487,0.0003000000142492,0.3213687241077423,fitnets_hint_stage,8,,,,,,,,,,,,,,,,,,,,,,,,
8,0.2030074447393417,0.0003000000142492,0.3173634707927704,fitnets_hint_stage,9,,,,,,,,,,,,,,,,,,,,,,,,
9,0.2004138529300689,0.0003000000142492,0.3118540942668915,fitnets_hint_stage,10,,,,,,,,,,,,,,,,,,,,,,,,
10,0.1982438564300537,0.0003000000142492,0.3161635100841522,fitnets_hint_stage,11,,,,,,,,,,,,,,,,,,,,,,,,
11,0.1954270899295807,0.0003000000142492,0.3071189820766449,fitnets_hint_stage,12,,,,,,,,,,,,,,,,,,,,,,,,
0,,0.0003000000142492,,hard_control,1,0.5130000114440918,0.0,41.183738708496094,0.7079775929450989,0.0,0.7079979777336121,0.5173618793487549,0.5143329501152039,0.4665000140666961,0.0,0.0,0.0,0.5055000185966492,0.0,0.0,0.7818626761436462,0.0,0.7818817496299744,0.4945000112056732,0.0,0.0,0.0,0.0,0.0
1,,0.0003000000142492,,hard_control,2,0.5318333506584167,0.0,35.107261657714844,0.6983634233474731,0.0,0.6983816623687744,0.535592794418335,0.532318115234375,0.5243333578109741,0.0,0.0,0.0,0.5099999904632568,0.0,0.0,0.7079477906227112,0.0,0.7079657316207886,0.5288269519805908,0.5223880410194397,0.1061678454279899,0.0,0.0,0.0
2,,0.0003000000142492,,hard_control,3,0.5285833477973938,0.0,31.974994659423828,0.6983591318130493,0.0,0.698376476764679,0.5305720567703247,0.5289158821105957,0.5228333473205566,0.0,0.0,0.0,0.5224999785423279,0.0,0.0,0.6960880160331726,0.0,0.6961047649383545,0.5272053480148315,0.5122655034065247,0.7178968787193298,0.0,0.0,0.0
3,,0.0003000000142492,,hard_control,4,0.5320833325386047,0.0,30.09723663330078,0.6967210173606873,0.0,0.6967374682426453,0.5361328125,0.5319714546203613,0.5338333249092102,0.0,0.0,0.0,0.5630000233650208,0.0,0.0,0.6828177571296692,0.0,0.682833731174469,0.5642690062522888,0.5740025639533997,0.4509605765342712,0.0,0.0,0.0
4,,0.0003000000142492,,hard_control,5,0.5515833497047424,0.0,27.184066772460938,0.6884057521820068,0.0,0.688421368598938,0.556131899356842,0.5510979294776917,0.5563333630561829,0.0,0.0,0.0,0.550000011920929,0.0,0.0,0.6862547397613525,0.0,0.6862698793411255,0.551349937915802,0.5747899413108826,0.3458038568496704,0.0,0.0,0.0
5,,0.0003000000142492,,hard_control,6,0.5552499890327454,0.0,25.064390182495117,0.6870928406715393,0.0,0.6871076822280884,0.5671353340148926,0.5561769008636475,0.546999990940094,0.0,0.0,0.0,0.5525000095367432,0.0,0.0,0.6976715922355652,0.0,0.6976858377456665,0.5587902069091797,0.5295225977897644,0.8523761630058289,0.0,0.0,0.0
6,,0.0003000000142492,,hard_control,7,0.559333324432373,0.0,23.29977798461914,0.6885177493095398,0.0,0.6885315775871277,0.5535038709640503,0.5575678944587708,0.5746666789054871,0.0,0.0,0.0,0.5724999904632568,0.0,0.0,0.6800872087478638,0.0,0.6801006197929382,0.5597857236862183,0.5655577182769775,0.5844287276268005,0.0,0.0,0.0
7,,9.000000136438757e-05,,hard_control,8,0.5575000047683716,0.0,21.889862060546875,0.6857001781463623,0.0,0.6857134699821472,0.5633261203765869,0.5565018057823181,0.5663333535194397,0.0,0.0,0.0,0.5680000185966492,0.0,0.0,0.6769456267356873,0.0,0.6769588589668274,0.5691234469413757,0.5975039005279541,0.3872598707675934,0.0,0.0,0.0
8,,9.000000136438757e-05,,hard_control,9,0.5699999928474426,0.0,20.329246520996097,0.6817260384559631,0.0,0.6817395091056824,0.5752440690994263,0.5692155361175537,0.5756666660308838,0.0,0.0,0.0,0.5874999761581421,0.0,0.0,0.6755974292755127,0.0,0.6756104826927185,0.5763181447982788,0.5797665119171143,0.6026289463043213,0.0,0.0,0.0
9,,9.000000136438757e-05,,hard_control,10,0.5706666707992554,0.0,19.415061950683594,0.680315375328064,0.0,0.680328905582428,0.582388162612915,0.5704553127288818,0.5721666812896729,0.0,0.0,0.0,0.5910000205039978,0.0,0.0,0.673840343952179,0.0,0.6738531589508057,0.5791786909103394,0.6111833453178406,0.4752275049686432,0.0,0.0,0.0
10,,9.000000136438757e-05,,hard_control,11,0.5768333077430725,0.0,18.832887649536133,0.6782139539718628,0.0,0.6782263517379761,0.5843936800956726,0.5758972764015198,0.5830000042915344,0.0,0.0,0.0,0.5824999809265137,0.0,0.0,0.6727877855300903,0.0,0.6728004217147827,0.573483407497406,0.5948275923728943,0.4883720874786377,0.0,0.0,0.0
11,,9.000000136438757e-05,,hard_control,12,0.5762500166893005,0.0,18.80414772033691,0.6778262257575989,0.0,0.6778389811515808,0.5814617872238159,0.5729315876960754,0.5989999771118164,0.0,0.0,0.0,0.5814999938011169,0.0,0.0,0.6752702593803406,0.0,0.6752826571464539,0.5707204341888428,0.5806794166564941,0.5530838966369629,0.0,0.0,0.0
12,,9.000000136438757e-05,,hard_control,13,0.5795000195503235,0.0,18.379838943481445,0.6768644452095032,0.0,0.6768766641616821,0.5882132053375244,0.5762711763381958,0.6006666421890259,0.0,0.0,0.0,0.5820000171661377,0.0,0.0,0.6755356788635254,0.0,0.6755480170249939,0.584829568862915,0.592503011226654,0.495449960231781,0.0,0.0,0.0
13,,9.000000136438757e-05,,hard_control,14,0.5763333439826965,0.0,17.726213455200195,0.6778971552848816,0.0,0.6779093146324158,0.5829578638076782,0.5752546787261963,0.5835000276565552,0.0,0.0,0.0,0.6014999747276306,0.0,0.0,0.6707187294960022,0.0,0.6707311868667603,0.5857645273208618,0.5843585133552551,0.6723963618278503,0.0,0.0,0.0
14,,9.000000136438757e-05,,hard_control,15,0.5855000019073486,0.0,17.409099578857422,0.6729641556739807,0.0,0.6729764938354492,0.5985791087150574,0.5821062922477722,0.606166660785675,0.0,0.0,0.0,0.5899999737739563,0.0,0.0,0.6745747923851013,0.0,0.674586832523346,0.5732342004776001,0.5830875039100647,0.5995955467224121,0.0,0.0,0.0
15,,9.000000136438757e-05,,hard_control,16,0.5775833129882812,0.0,16.927186965942383,0.6764872074127197,0.0,0.6764992475509644,0.5929688215255737,0.5750201344490051,0.5946666598320007,0.0,0.0,0.0,0.5945000052452087,0.0,0.0,0.6689506769180298,0.0,0.6689626574516296,0.5900489687919617,0.5961123108863831,0.5581395626068115,0.0,0.0,0.0
16,,9.000000136438757e-05,,hard_control,17,0.5839999914169312,0.0,16.45965003967285,0.6744150519371033,0.0,0.6744267344474792,0.5956248044967651,0.5827586054801941,0.5914999842643738,0.0,0.0,0.0,0.578499972820282,0.0,0.0,0.6739327907562256,0.0,0.6739447116851807,0.5791052579879761,0.5986486673355103,0.4479272067546844,0.0,0.0,0.0
17,,9.000000136438757e-05,,hard_control,18,0.5839999914169312,0.0,16.226150512695312,0.6745687127113342,0.0,0.6745803952217102,0.5923253297805786,0.5810810923576355,0.6019999980926514,0.0,0.0,0.0,0.5799999833106995,0.0,0.0,0.671488881111145,0.0,0.671500563621521,0.5835588574409485,0.5956354141235352,0.4691607654094696,0.0,0.0,0.0
18,,9.000000136438757e-05,,hard_control,19,0.5870833396911621,0.0,16.31917953491211,0.6732244491577148,0.0,0.6732360124588013,0.5888593196868896,0.5831080079078674,0.6110000014305115,0.0,0.0,0.0,0.5975000262260437,0.0,0.0,0.6742773652076721,0.0,0.674288809299469,0.5841894149780273,0.6341108083724976,0.4398382306098938,0.0,0.0,0.0
19,,2.700000004551839e-05,,hard_control,20,0.5892500281333923,0.0,16.237655639648438,0.6694774627685547,0.0,0.6694886684417725,0.599472165107727,0.5878877639770508,0.597000002861023,0.0,0.0,0.0,0.5914999842643738,0.0,0.0,0.6689707040786743,0.0,0.668982207775116,0.5903932452201843,0.6033653616905212,0.5075834393501282,0.0,0.0,0.0
0,,0.0003000000142492,,kd_control,1,0.5230833292007446,0.6952879428863525,41.45782470703125,0.706102728843689,4.0,3.483062267303467,0.5220399498939514,0.52888423204422,0.4226666688919067,2.7769408226013184,18.699766159057617,0.6942352056503296,0.5055000185966492,0.0,0.0,0.788670539855957,4.0,3.617218255996704,0.4945000112056732,0.0,0.0,2.828528642654419,0.0,0.7071321606636047
1,,0.0003000000142492,,kd_control,2,0.5263333320617676,0.6900820136070251,32.97787857055664,0.700914204120636,3.842119693756103,3.3660762310028076,0.5289949178695679,0.531449019908905,0.4449999928474426,2.665142297744751,14.312533378601074,0.693666934967041,0.515500009059906,0.0,0.0,0.702029287815094,3.8421030044555664,3.3707849979400635,0.512181282043457,0.5230414867401123,0.2295247763395309,2.668737411499023,0.0,0.6946029663085938
2,,0.0003000000142492,,kd_control,3,0.5420833230018616,0.696174144744873,30.377939224243164,0.6963006854057312,3.6842048168182377,3.250319719314575,0.5412516593933105,0.5486981868743896,0.4741666615009308,2.554001569747925,12.616321563720703,0.693229079246521,0.5249999761581421,0.0,0.0,0.6944559812545776,3.6842079162597656,3.2483813762664795,0.5441566705703735,0.5403726696968079,0.2639029324054718,2.5539093017578125,0.0,0.6932039260864258
3,,0.0003000000142492,,kd_control,4,0.5429999828338623,0.6882969737052917,27.764055252075195,0.6938046813011169,3.526322364807129,3.1352851390838623,0.5509576201438904,0.5497685074806213,0.4749999940395355,2.4414634704589844,10.907939910888672,0.6923556327819824,0.5444999933242798,0.0,0.0,0.6891972422599792,3.526317358016968,3.1282923221588135,0.5563335418701172,0.5535714030265808,0.4074822962284088,2.4390788078308105,0.0,0.6916791200637817
4,,0.0003000000142492,,kd_control,5,0.5530833601951599,0.6862688660621643,26.103187561035156,0.689325213432312,3.368411064147949,3.0201151371002197,0.5600992441177368,0.5602877140045166,0.4933333396911621,2.330775499343872,9.754810333251951,0.6919488310813904,0.5774999856948853,0.0,0.0,0.6788694262504578,3.368422508239746,3.0022530555725098,0.5711274147033691,0.5683112144470215,0.6056622862815857,2.3233678340911865,0.0,0.6897498965263367
5,,0.0003000000142492,,kd_control,6,0.5668333172798157,0.6786403656005859,23.58002281188965,0.6844740509986877,3.210529327392578,2.9037864208221436,0.5729261040687561,0.5742867588996887,0.5166666507720947,2.2192983627319336,8.411900520324707,0.691256582736969,0.5835000276565552,0.0,0.0,0.6895108222961426,3.2105257511138916,2.905717134475708,0.5675334334373474,0.5642504096031189,0.6926187872886658,2.21619176864624,0.0,0.690289318561554
6,,0.0003000000142492,,kd_control,7,0.5635833144187927,0.6753907203674316,22.484865188598633,0.6834922432899475,3.0526232719421387,2.7918381690979004,0.5769339203834534,0.5704004168510437,0.5151666402816772,2.108330249786377,7.605132579803467,0.6906601786613464,0.5550000071525574,0.0,0.0,0.6784880757331848,3.052631378173828,2.7834463119506836,0.5904673337936401,0.5666217803955078,0.4256825149059295,2.104945182800293,0.0,0.6895508170127869
7,,0.0003000000142492,,kd_control,8,0.5634166598320007,0.6820909976959229,20.53351593017578,0.6821679472923279,2.8947293758392334,2.6811888217926025,0.5817553400993347,0.5685709118843079,0.5258333086967468,1.9990066289901731,6.5014543533325195,0.6905663013458252,0.5705000162124634,0.0,0.0,0.6791813969612122,2.8947348594665527,2.6774919033050537,0.5749866962432861,0.5715858936309814,0.5247725248336792,1.9982974529266355,0.0,0.6903212070465088
8,,0.0003000000142492,,kd_control,9,0.5849999785423279,0.6676679849624634,19.528966903686523,0.6766796112060547,2.736830949783325,2.564016580581665,0.5925812721252441,0.5916606783866882,0.5486666560173035,1.8873233795166016,5.798129081726074,0.6895994544029236,0.5540000200271606,0.0,0.0,0.6871331334114075,2.736842632293701,2.5790910720825195,0.5792466998100281,0.5956607460975647,0.3053589463233948,1.8919461965560913,0.0,0.6912878155708313
9,,0.0003000000142492,,kd_control,10,0.5839166641235352,0.6613562703132629,16.32251739501953,0.6742801666259766,2.578934669494629,2.4528281688690186,0.599865198135376,0.5895110964775085,0.5526666641235352,1.7785359621047974,4.606123447418213,0.6896366477012634,0.5835000276565552,0.0,0.0,0.6703515648841858,2.578948497772217,2.4433422088623047,0.6097913980484009,0.5896551609039307,0.5187057852745056,1.7729792594909668,0.0,0.6874818205833435
10,,0.0003000000142492,,kd_control,11,0.5896666646003723,0.6715797781944275,14.855396270751951,0.6728004813194275,2.4210643768310547,2.3404409885406494,0.6071831583976746,0.5946849584579468,0.5631666779518127,1.6676313877105713,3.9712483882904057,0.6888038516044617,0.6010000109672546,0.0,0.0,0.6612297892570496,2.421051502227783,2.3220772743225098,0.6196397542953491,0.598963737487793,0.5844287276268005,1.6608365774154663,0.0,0.6859976053237915
11,,0.0003000000142492,,kd_control,12,0.5930833220481873,0.6714168787002563,13.577311515808104,0.669885516166687,2.2631659507751465,2.2286171913146973,0.6113846302032471,0.6000716686248779,0.5581666827201843,1.5587221384048462,3.354262113571167,0.6887381076812744,0.597000002861023,0.0,0.0,0.6698694229125977,2.2631583213806152,2.2248051166534424,0.5935134887695312,0.5880654454231262,0.6177957653999329,1.5549252033233645,0.0,0.6870600581169128
12,,0.0003000000142492,,kd_control,13,0.6005833148956299,0.6606049537658691,15.063945770263672,0.6666867733001709,2.105269432067871,2.116093158721924,0.6154915690422058,0.604865312576294,0.5801666378974915,1.4493966102600098,3.404135465621948,0.688463032245636,0.6079999804496765,0.0,0.0,0.6621183156967163,2.1052632331848145,2.105734348297119,0.6106019616127014,0.6098606586456299,0.5753285884857178,1.4436062574386597,0.0,0.6857131123542786
13,,0.0003000000142492,,kd_control,14,0.5824166536331177,0.6670792698860168,11.524109840393066,0.6747655272483826,1.9473706483840945,2.0170063972473145,0.5987409949302673,0.5875376462936401,0.5531666874885559,1.3422335386276243,2.4566638469696045,0.6892544627189636,0.6039999723434448,0.0,0.0,0.6592219471931458,1.947366714477539,1.9947044849395752,0.6239408254623413,0.5976213812828064,0.6097067594528198,1.3354732990264893,0.0,0.6857835054397583
14,,0.0003000000142492,,kd_control,15,0.6042500138282776,0.6725514531135559,10.34080982208252,0.6654903292655945,1.789472222328186,1.8971565961837769,0.6212084889411926,0.6106100678443909,0.5755000114440918,1.2316577434539795,2.0382049083709717,0.6882796287536621,0.5849999785423279,0.0,0.0,0.6715983152389526,1.789474368095398,1.9019672870635984,0.6004858613014221,0.578635036945343,0.5915066003799438,1.230360507965088,0.0,0.6875544190406799
15,,0.0003000000142492,,kd_control,16,0.6019999980926514,0.6675155758857727,9.886474609375,0.6641223430633545,1.631585717201233,1.7865350246429443,0.6227983832359314,0.6063977479934692,0.581333339214325,1.1224039793014526,1.7632793188095093,0.6879249811172485,0.6085000038146973,0.0,0.0,0.6633630394935608,1.6315783262252808,1.7808622121810913,0.6074591279029846,0.5960820913314819,0.6461071968078613,1.117491364479065,0.0,0.6849139332771301
16,,0.0003000000142492,,kd_control,17,0.6047499775886536,0.6602355241775513,9.277584075927734,0.6640443801879883,1.4736881256103516,1.6775246858596802,0.6189041137695312,0.6060401797294617,0.5986666679382324,1.0134719610214231,1.4732818603515625,0.6877129673957825,0.6025000214576721,0.0,0.0,0.6618726849555969,1.4736841917037964,1.6729440689086914,0.6095683574676514,0.602320671081543,0.5773508548736572,1.011063814163208,0.0,0.6860789060592651
17,,9.000000136438757e-05,,kd_control,18,0.6025000214576721,0.6461278200149536,9.102546691894531,0.6629237532615662,1.3157939910888672,1.5677616596221924,0.6289420127868652,0.6050563454627991,0.5903333425521851,0.9048304557800292,1.3152118921279907,0.6876712441444397,0.6004999876022339,0.0,0.0,0.662933349609375,1.3157888650894165,1.5654375553131104,0.6095327734947205,0.6202531456947327,0.495449960231781,0.9024969935417176,0.0,0.6858975887298584
18,,9.000000136438757e-05,,kd_control,19,0.6140000224113464,0.6623064279556274,8.70426082611084,0.6560835838317871,1.1578973531723022,1.4513691663742063,0.6357583999633789,0.615190327167511,0.6088333129882812,0.7952776551246643,1.1087490320205688,0.6868303418159485,0.6035000085830688,0.0,0.0,0.6611352562904358,1.1578948497772217,1.454646348953247,0.6187645792961121,0.6282722353935242,0.4853387176990509,0.7935038805007935,0.0,0.6852986812591553
19,,9.000000136438757e-05,,kd_control,20,0.6109166741371155,0.6465340256690979,8.793824195861816,0.6573233008384705,1.0,1.3443340063095093,0.6357414722442627,0.6144847869873047,0.5953333377838135,0.6870031952857971,0.9622528553009032,0.6870031952857971,0.5985000133514404,0.0,0.0,0.6583691835403442,1.0,1.3437223434448242,0.6209379434585571,0.6159601211547852,0.4994944334030151,0.6853458285331726,0.0,0.6853458285331726
0,,0.0003000000142492,,fitnets_hint_kd,1,0.562166690826416,0.6898496150970459,17.473913192749023,0.6874409317970276,4.0,3.4497694969177246,0.5769354701042175,0.5684152841567993,0.5164999961853027,2.7623085975646973,7.704249382019043,0.6905771493911743,0.5055000185966492,0.0,0.0,0.6934171915054321,4.0,3.466981887817383,0.4918107092380523,0.0,0.0,2.773545026779175,0.0,0.6933862566947937
1,,0.0003000000142492,,fitnets_hint_kd,2,0.60958331823349,0.6641123294830322,14.836268424987791,0.6639116406440735,3.842119693756103,3.302879571914673,0.6300243139266968,0.6141294836997986,0.5896666646003723,2.638949155807495,6.2304487228393555,0.6868495941162109,0.640999972820282,0.0,0.0,0.6437656879425049,3.8421030044555664,3.25274658203125,0.6654016971588135,0.6213070750236511,0.7017189264297485,2.6089632511138916,0.0,0.6790452003479004
2,,0.0003000000142492,,fitnets_hint_kd,3,0.6301666498184204,0.6570635437965393,12.55591106414795,0.6468782424926758,3.6842048168182377,3.167451858520508,0.662273645401001,0.6367775797843933,0.6060000061988831,2.520554304122925,5.019309997558594,0.6841506958007812,0.6065000295639038,0.0,0.0,0.6711822152137756,3.6842079162597656,3.190130710601806,0.6819139719009399,0.7224669456481934,0.3316481411457062,2.5189316272735596,0.0,0.6837098598480225
3,,0.0003000000142492,,fitnets_hint_kd,4,0.64041668176651,0.6453760862350464,12.030351638793944,0.6361174583435059,3.526322364807129,3.0391223430633545,0.6845642328262329,0.6502586007118225,0.6076666712760925,2.402989149093628,4.6240363121032715,0.6814442873001099,0.5795000195503235,0.0,0.0,0.7881467342376709,3.526317358016968,3.2529098987579346,0.6762940287590027,0.7824427485466003,0.207280084490776,2.4647459983825684,0.0,0.6989578008651733
4,,0.0003000000142492,,fitnets_hint_kd,5,0.6505833268165588,0.6423486471176147,11.238303184509276,0.6258195638656616,3.368411064147949,2.9168760776519775,0.6992223262786865,0.6647820472717285,0.6075000166893005,2.2910408973693848,4.071985244750977,0.6801530122756958,0.6639999747276306,0.0,0.0,0.6152074337005615,3.368422508239746,2.8726539611816406,0.7126783132553101,0.6531400680541992,0.6835187077522278,2.2574307918548584,0.0,0.6701748371124268
5,,0.0003000000142492,,fitnets_hint_kd,6,0.6625000238418579,0.6244736313819885,9.123340606689451,0.6158105731010437,3.210529327392578,2.795471668243408,0.7143251299858093,0.6783754229545593,0.6179999709129333,2.179646253585815,3.0799100399017334,0.6789061427116394,0.659500002861023,0.0,0.0,0.6080178022384644,3.2105257511138916,2.764892578125,0.7182987928390503,0.699999988079071,0.5449949502944946,2.156860589981079,0.0,0.6718090176582336
6,,0.0003000000142492,,fitnets_hint_kd,7,0.6611666679382324,0.6250699758529663,8.119129180908203,0.6141979098320007,3.0526232719421387,2.6826677322387695,0.716891884803772,0.6751811504364014,0.6211666464805603,2.068455457687378,2.574392795562744,0.6775974631309509,0.6485000252723694,0.0,0.0,0.6359696984291077,3.052631378173828,2.693247079849243,0.7222106456756592,0.729903519153595,0.4590495526790619,2.0572638511657715,0.0,0.6739312410354614
7,,0.0003000000142492,,fitnets_hint_kd,8,0.6729999780654907,0.615740180015564,7.517845153808594,0.6022582650184631,2.8947293758392334,2.559866189956665,0.7325554490089417,0.6885901093482971,0.6316666603088379,1.957593560218811,2.247997522354126,0.6762596964836121,0.640999972820282,0.0,0.0,0.7026230692863464,2.8947348594665527,2.685303211212158,0.7367444038391113,0.7864693403244019,0.3761375248432159,1.9826668500900269,0.0,0.684921383857727
8,,0.0003000000142492,,fitnets_hint_kd,9,0.6780833601951599,0.5948985815048218,7.138957500457764,0.5974430441856384,2.736830949783325,2.4455995559692383,0.7391948699951172,0.6961629986763,0.6320000290870667,1.8481433391571045,2.030648946762085,0.6752831339836121,0.6850000023841858,0.0,0.0,0.6083673238754272,2.736842632293701,2.432020425796509,0.739912211894989,0.7213317155838013,0.5915066003799438,1.8236403465270996,0.0,0.6663301587104797
9,,0.0003000000142492,,fitnets_hint_kd,10,0.6884999871253967,0.6057407855987549,6.614147186279297,0.5903401970863342,2.578934669494629,2.330498456954956,0.7491102814674377,0.7053377032279968,0.6474999785423279,1.7401474714279177,1.7749260663986206,0.6747504472732544,0.6775000095367432,0.0,0.0,0.6054527163505554,2.578948497772217,2.327948570251465,0.7504430413246155,0.760606050491333,0.5075834393501282,1.722485065460205,0.0,0.6679022312164307
10,,0.0003000000142492,,fitnets_hint_kd,11,0.6852499842643738,0.5931029319763184,5.81829309463501,0.5892958045005798,2.4210643768310547,2.219050407409668,0.7561734318733215,0.7022011876106262,0.6433333158493042,1.629740834236145,1.4773353338241575,0.6731542348861694,0.6685000061988831,0.0,0.0,0.6098283529281616,2.421051502227783,2.224992275238037,0.7559266686439514,0.766339898109436,0.4742163717746734,1.6151525974273682,0.0,0.6671282052993774
11,,0.0003000000142492,,fitnets_hint_kd,12,0.6957499980926514,0.5892045497894287,5.876681804656982,0.5778231024742126,2.2631659507751465,2.1015069484710693,0.7628620862960815,0.7088742852210999,0.6643333435058594,1.5236732959747314,1.3806232213974,0.6732507944107056,0.6859999895095825,0.0,0.0,0.5965263247489929,2.2631583213806152,2.0988361835479736,0.7416938543319702,0.7111111283302307,0.6147623658180237,1.5022985935211182,0.0,0.6638064980506897
12,,0.0003000000142492,,fitnets_hint_kd,13,0.7055833339691162,0.5803768038749695,5.33891487121582,0.5753061175346375,2.105269432067871,1.990763783454895,0.7638577818870544,0.721176266670227,0.6703333258628845,1.4154475927352903,1.1503961086273191,0.6723376512527466,0.6970000267028809,0.0,0.0,0.5844922065734863,2.1052632331848145,1.978933811187744,0.7737316489219666,0.7355473637580872,0.604651153087616,1.3944309949874878,0.0,0.662354588508606
13,,0.0003000000142492,,fitnets_hint_kd,14,0.7056666612625122,0.5718008875846863,5.242085933685303,0.5702304244041443,1.9473706483840945,1.8781583309173584,0.7718836665153503,0.7184070944786072,0.6765000224113464,1.3079166412353516,1.0339235067367554,0.6716325879096985,0.7149999737739563,0.0,0.0,0.5654251575469971,1.947366714477539,1.847739815711975,0.778720498085022,0.7226355075836182,0.6875631809234619,1.2823045253753662,0.0,0.6584809422492981
14,,0.0003000000142492,,fitnets_hint_kd,15,0.7091666460037231,0.5762037634849548,5.251920223236084,0.5683788061141968,1.789472222328186,1.7706797122955322,0.77425616979599,0.722517728805542,0.6791666746139526,1.202290415763855,0.9527758955955504,0.6718685030937195,0.7009999752044678,0.0,0.0,0.581450343132019,1.789474368095398,1.7692875862121582,0.7680351734161377,0.769655168056488,0.5642062425613403,1.1878284215927124,0.0,0.6637863516807556
15,,0.0003000000142492,,fitnets_hint_kd,16,0.7083333134651184,0.5786405205726624,4.9471869468688965,0.5650385618209839,1.631585717201233,1.66034197807312,0.7769268751144409,0.7213172912597656,0.6790000200271606,1.0952929258346558,0.8364862203598022,0.6713084578514099,0.6875,0.0,0.0,0.6209368705749512,1.6315783262252808,1.7075015306472778,0.7733294367790222,0.7817337512969971,0.5106167793273926,1.0865554809570312,0.0,0.665953516960144
16,,0.0003000000142492,,fitnets_hint_kd,17,0.7129999995231628,0.5696150064468384,4.971584796905518,0.5619567036628723,1.4736881256103516,1.5505492687225342,0.7826639413833618,0.7261146306991577,0.6840000152587891,0.9885830283164978,0.7470858693122864,0.6708242297172546,0.6970000267028809,0.0,0.0,0.596548318862915,1.4736841917037964,1.5755202770233154,0.788663923740387,0.8103727698326111,0.5055611729621887,0.9789626598358154,0.0,0.6642959117889404
17,,0.0003000000142492,,fitnets_hint_kd,18,0.7110833525657654,0.5762906074523926,4.559408664703369,0.5606177449226379,1.3157939910888672,1.4430729150772097,0.7826030254364014,0.7240403294563293,0.6821666955947876,0.8824462294578552,0.6252769827842712,0.6706590056419373,0.718500018119812,0.0,0.0,0.5604807138442993,1.3157888650894165,1.4254783391952517,0.7797163128852844,0.730021595954895,0.6835187077522278,0.864989161491394,0.0,0.6573916673660278
18,,0.0003000000142492,,fitnets_hint_kd,19,0.7166666388511658,0.5600132942199707,4.789932727813721,0.5537157654762268,1.1578973531723022,1.3295395374298096,0.7909027338027954,0.7280701994895935,0.6916666626930237,0.7758152484893799,0.5692973732948303,0.6700223684310913,0.6754999756813049,0.0,0.0,0.626326322555542,1.1578948497772217,1.401819944381714,0.7627000212669373,0.796167254447937,0.4620829224586487,0.7754853963851929,0.0,0.6697373390197754
19,,0.0003000000142492,,fitnets_hint_kd,20,0.71875,0.5533372163772583,4.587718963623047,0.5477314591407776,1.0,1.2172969579696655,0.7989692091941833,0.7359338402748108,0.6823333501815796,0.6695582866668701,0.486099898815155,0.6695582866668701,0.6694999933242798,0.0,0.0,0.6350011229515076,1.0,1.3068182468414309,0.7890747785568237,0.8388429880142212,0.4105156660079956,0.6718091368675232,0.0,0.6718091368675232
