epoch,accuracy,epoch_seconds,gradient_cosine,hard_gradient_norm,hard_loss,learning_rate,loss,pr_auc,precision,recall,sp_component,sp_gradient_norm,sp_loss,val_accuracy,val_gradient_cosine,val_hard_gradient_norm,val_hard_loss,val_loss,val_pr_auc,val_precision,val_recall,val_sp_component,val_sp_gradient_norm,val_sp_loss,run,epoch_index
0,0.5164166688919067,78.63804479199462,0.0,3.0963075160980225,0.9654359817504884,0.0003000000142492,0.9654547572135924,0.5195996165275574,0.5173202157020569,0.4903333187103271,0.0,0.0,0.0,0.6150000095367432,0.0,0.0,0.7225435972213745,0.722560465335846,0.6237995624542236,0.6024321913719177,0.6511628031730652,0.0,0.0,0.0,shared_stage_a,1
1,0.6154166460037231,75.18003712499922,0.0,2.4914793968200684,0.7379560470581055,0.0003000000142492,0.7379713654518127,0.657905101776123,0.6152821779251099,0.6159999966621399,0.0,0.0,0.0,0.6819999814033508,0.0,0.0,0.6313141584396362,0.6313284039497375,0.7305751442909241,0.6685768961906433,0.7077856659889221,0.0,0.0,0.0,shared_stage_a,2
2,0.6580833196640015,79.41678783400857,0.0,2.3791286945343018,0.6693885326385498,0.0003000000142492,0.6694019436836243,0.7168828845024109,0.6569584608078003,0.6616666913032532,0.0,0.0,0.0,0.7014999985694885,0.0,0.0,0.5964891314506531,0.596501350402832,0.7741560935974121,0.6870229244232178,0.7280080914497375,0.0,0.0,0.0,shared_stage_a,3
3,0.6729166507720947,98.8591832910024,0.0,2.316145658493042,0.6391056180000305,0.0003000000142492,0.6391168832778931,0.7425262331962585,0.6708944439888,0.6788333058357239,0.0,0.0,0.0,0.7139999866485596,0.0,0.0,0.5731253623962402,0.5731357932090759,0.7943711280822754,0.7234726548194885,0.6825075745582581,0.0,0.0,0.0,shared_stage_a,4
4,0.690833330154419,91.06501512500108,0.0,2.237064838409424,0.6082964539527893,0.0003000000142492,0.6083060503005981,0.7642732858657837,0.6906427145004272,0.6913333535194397,0.0,0.0,0.0,0.7149999737739563,0.0,0.0,0.5596746802330017,0.5596838593482971,0.8059593439102173,0.7097097039222717,0.7168857455253601,0.0,0.0,0.0,shared_stage_a,5
5,0.6981666684150696,89.83688395800709,0.0,2.2131552696228027,0.5925498008728027,0.0003000000142492,0.5925584435462952,0.7778477072715759,0.7001009583473206,0.6933333277702332,0.0,0.0,0.0,0.7139999866485596,0.0,0.0,0.5538293719291687,0.5538373589515686,0.8126177191734314,0.6980056762695312,0.7431749105453491,0.0,0.0,0.0,shared_stage_a,6
6,0.7020000219345093,89.41806904200348,0.0,2.1567652225494385,0.5873538255691528,0.0003000000142492,0.5873613953590393,0.7819315791130066,0.7036975026130676,0.6978333592414856,0.0,0.0,0.0,0.7285000085830688,0.0,0.0,0.5421897172927856,0.5421969294548035,0.8186824321746826,0.7377398610115051,0.6996966600418091,0.0,0.0,0.0,shared_stage_a,7
7,0.7042499780654907,84.35252529199352,0.0,2.1157379150390625,0.5780160427093506,0.0003000000142492,0.5780227780342102,0.7870757579803467,0.7090227007865906,0.6928333044052124,0.0,0.0,0.0,0.7275000214576721,0.0,0.0,0.5369285941123962,0.5369350910186768,0.8226236701011658,0.7265306115150452,0.7199190855026245,0.0,0.0,0.0,shared_stage_a,8
0,0.715499997138977,82.86565325000265,0.0,9.839174270629885,0.5671950578689575,2.9999999242136255e-05,0.5672014951705933,0.7978758811950684,0.7220123410224915,0.7008333206176758,0.0,0.0,0.0,0.7465000152587891,0.0,0.0,0.5280812978744507,0.528087854385376,0.8250278234481812,0.7744874954223633,0.6875631809234619,0.0,0.0,0.0,sp_control,1
1,0.7214166522026062,81.92615937499795,0.0,9.071165084838867,0.5546731352806091,2.9999999242136255e-05,0.554679811000824,0.8054473996162415,0.7306023240089417,0.7014999985694885,0.0,0.0,0.0,0.7429999709129333,0.0,0.0,0.5171419382095337,0.5171484351158142,0.8360077738761902,0.7281460165977478,0.7664307355880737,0.0,0.0,0.0,sp_control,2
2,0.737500011920929,79.5251424159942,0.0,8.608840942382812,0.5403292775154114,2.9999999242136255e-05,0.5403358340263367,0.8205734491348267,0.7475677728652954,0.7171666622161865,0.0,0.0,0.0,0.7519999742507935,0.0,0.0,0.5095959305763245,0.5096022486686707,0.840748131275177,0.7443012595176697,0.7593528628349304,0.0,0.0,0.0,sp_control,3
3,0.7463333606719971,78.56787420799083,0.0,8.648512840270996,0.5286108255386353,2.9999999242136255e-05,0.5286173820495605,0.833130419254303,0.7592073082923889,0.7214999794960022,0.0,0.0,0.0,0.7490000128746033,0.0,0.0,0.5230186581611633,0.5230251550674438,0.8464441895484924,0.834938108921051,0.6137512922286987,0.0,0.0,0.0,sp_control,4
4,0.7514166831970215,91.20121362499776,0.0,8.358715057373047,0.5215080380439758,2.9999999242136255e-05,0.5215142965316772,0.834086000919342,0.7663782238960266,0.7233333587646484,0.0,0.0,0.0,0.7634999752044678,0.0,0.0,0.5072256922721863,0.5072320699691772,0.8444459438323975,0.7879464030265808,0.7138524055480957,0.0,0.0,0.0,sp_control,5
5,0.749666690826416,84.91921950000688,0.0,8.555085182189941,0.5170525312423706,2.9999999242136255e-05,0.5170595049858093,0.841645359992981,0.7627148628234863,0.7248333096504211,0.0,0.0,0.0,0.7549999952316284,0.0,0.0,0.5232803225517273,0.5232864618301392,0.8416299819946289,0.7194371223449707,0.8270980715751648,0.0,0.0,0.0,sp_control,6
6,0.753000020980835,84.42016199999489,0.0,7.976296424865723,0.5152339935302734,2.9999999242136255e-05,0.5152401328086853,0.8413947224617004,0.766222357749939,0.7281666398048401,0.0,0.0,0.0,0.7599999904632568,0.0,0.0,0.5033642053604126,0.5033706426620483,0.8487154841423035,0.8115054965019226,0.6703740954399109,0.0,0.0,0.0,sp_control,7
7,0.7609999775886536,90.71350024999992,0.0,8.108452796936035,0.5093578100204468,2.9999999242136255e-05,0.5093641877174377,0.8458614945411682,0.7758985161781311,0.734000027179718,0.0,0.0,0.0,0.7705000042915344,0.0,0.0,0.501717746257782,0.5017240047454834,0.8500874638557434,0.7538314461708069,0.7957533001899719,0.0,0.0,0.0,sp_control,8
8,0.7572500109672546,86.04670254100347,0.0,8.410816192626953,0.5103790760040283,2.9999999242136255e-05,0.510385274887085,0.8457626700401306,0.7715039849281311,0.7310000061988831,0.0,0.0,0.0,0.7630000114440918,0.0,0.0,0.4969458281993866,0.4969522356986999,0.8510173559188843,0.7707676291465759,0.7411527037620544,0.0,0.0,0.0,sp_control,9
9,0.7586666941642761,92.71248129199375,0.0,8.085790634155273,0.5058010816574097,2.9999999242136255e-05,0.5058073997497559,0.8496801853179932,0.7751772999763489,0.7286666631698608,0.0,0.0,0.0,0.7639999985694885,0.0,0.0,0.4910801947116852,0.4910865128040313,0.8538315892219543,0.7782561779022217,0.731041431427002,0.0,0.0,0.0,sp_control,10
10,0.7615000009536743,100.89482266698906,0.0,7.976350784301758,0.501923680305481,2.9999999242136255e-05,0.5019300580024719,0.8539557456970215,0.7770127058029175,0.7335000038146973,0.0,0.0,0.0,0.7664999961853027,0.0,0.0,0.4924801588058471,0.4924865663051605,0.8533614277839661,0.7965909242630005,0.7087967395782471,0.0,0.0,0.0,sp_control,11
11,0.7632499933242798,101.64570095800444,0.0,7.97311544418335,0.5000684857368469,2.9999999242136255e-05,0.5000748038291931,0.8543233871459961,0.7801028490066528,0.7331666946411133,0.0,0.0,0.0,0.762499988079071,0.0,0.0,0.4933190047740936,0.4933255016803741,0.8558606505393982,0.7485493421554565,0.782608687877655,0.0,0.0,0.0,sp_control,12
12,0.7668333053588867,91.8311515420064,0.0,8.15124225616455,0.4923127889633178,2.9999999242136255e-05,0.4923194050788879,0.8603764176368713,0.7841675281524658,0.7363333106040955,0.0,0.0,0.0,0.7699999809265137,0.0,0.0,0.4942638576030731,0.4942701756954193,0.8587431311607361,0.8269468545913696,0.6764408349990845,0.0,0.0,0.0,sp_control,13
13,0.7665833234786987,93.32718195801137,0.0,8.116436004638672,0.4954581260681152,2.9999999242136255e-05,0.4954647719860077,0.856184720993042,0.7801716327667236,0.7423333525657654,0.0,0.0,0.0,0.7710000276565552,0.0,0.0,0.4899493455886841,0.489955723285675,0.8591997027397156,0.7540670037269592,0.7967644333839417,0.0,0.0,0.0,sp_control,14
14,0.7705833315849304,92.80835795799794,0.0,8.053511619567871,0.489749014377594,2.9999999242136255e-05,0.4897556900978088,0.8624175786972046,0.7845749258995056,0.7459999918937683,0.0,0.0,0.0,0.7634999752044678,0.0,0.0,0.4949450492858886,0.4949514865875244,0.8565038442611694,0.7443181872367859,0.7947421669960022,0.0,0.0,0.0,sp_control,15
15,0.7718333601951599,87.71957754100731,0.0,7.889385223388672,0.4892677962779999,2.9999999242136255e-05,0.4892739653587341,0.8621833920478821,0.7871478796005249,0.7451666593551636,0.0,0.0,0.0,0.7670000195503235,0.0,0.0,0.4839625954627991,0.4839688241481781,0.8597385287284851,0.77267986536026,0.7492416501045227,0.0,0.0,0.0,sp_control,16
16,0.7709166407585144,87.49338912499661,0.0,7.962843894958496,0.489173948764801,2.9999999242136255e-05,0.4891802072525024,0.8610708713531494,0.7888750433921814,0.7398333549499512,0.0,0.0,0.0,0.7720000147819519,0.0,0.0,0.4909261763095855,0.4909327328205108,0.8630161285400391,0.8318804502487183,0.6754297018051147,0.0,0.0,0.0,sp_control,17
17,0.7738333344459534,89.32767841700115,0.0,7.824535846710205,0.4864081740379333,2.9999999242136255e-05,0.4864143431186676,0.8631055951118469,0.7889553308486938,0.7476666569709778,0.0,0.0,0.0,0.7710000276565552,0.0,0.0,0.4953717887401581,0.4953784644603729,0.8568175435066223,0.8218181729316711,0.6855409741401672,0.0,0.0,0.0,sp_control,18
18,0.7747499942779541,93.97341362498992,0.0,7.690707206726074,0.4835670292377472,2.9999999242136255e-05,0.4835734963417053,0.8656189441680908,0.791202962398529,0.7465000152587891,0.0,0.0,0.0,0.7674999833106995,0.0,0.0,0.4876328706741333,0.4876393675804138,0.8608613610267639,0.7817204594612122,0.7350859642028809,0.0,0.0,0.0,sp_control,19
19,0.7764166593551636,93.8136572499934,0.0,8.044575691223145,0.4839650094509125,2.9999999242136255e-05,0.4839713871479034,0.865104079246521,0.7903028130531311,0.7524999976158142,0.0,0.0,0.0,0.7710000276565552,0.0,0.0,0.4912793636322021,0.4912857115268707,0.8584150075912476,0.7723076939582825,0.7613751292228699,0.0,0.0,0.0,sp_control,20
0,0.7118333578109741,127.9791563750041,0.0588088445365428,9.246638298034668,0.566474199295044,2.9999999242136255e-05,0.6077061891555786,0.7971024513244629,0.7175624966621399,0.6986666917800903,0.0412255972623825,0.7227926254272461,0.0022160932421684,0.7455000281333923,0.0,0.0,0.5302445292472839,0.5645288825035095,0.8288312554359436,0.805343508720398,0.6400404572486877,0.0342777781188488,0.0,0.0018426105380058,similarity_preserving,1
1,0.7227500081062317,128.6507993330015,0.0601972490549087,8.610383033752441,0.5525006651878357,2.9999999242136255e-05,0.5858039259910583,0.8068456053733826,0.7319909930229187,0.702833354473114,0.0332970730960369,0.5994346141815186,0.0017898915102705,0.7494999766349792,0.0,0.0,0.5184388756752014,0.5509923696517944,0.835950493812561,0.7314990758895874,0.7795753479003906,0.0325470678508281,0.0,0.001749575487338,similarity_preserving,2
2,0.7390000224113464,122.34574641600192,0.0775885060429573,8.211084365844727,0.538252055644989,2.9999999242136255e-05,0.5695823431015015,0.8219285011291504,0.7503491640090942,0.7163333296775818,0.0313239134848117,0.5708626508712769,0.001683824812062,0.7515000104904175,0.0,0.0,0.5116426348686218,0.5425783395767212,0.8409727215766907,0.7388349771499634,0.7694640755653381,0.0309292338788509,0.0,0.001662608468905,similarity_preserving,3
3,0.7459999918937683,131.45527295899228,0.0805135369300842,8.16024398803711,0.5276153683662415,2.9999999242136255e-05,0.5584601163864136,0.8332220315933228,0.7582225203514099,0.7223333120346069,0.0308382790535688,0.560867428779602,0.0016577183268964,0.7505000233650208,0.0,0.0,0.5264652967453003,0.5571261644363403,0.844883918762207,0.8346994519233704,0.6177957653999329,0.0306544564664363,0.0,0.0016478375764563,similarity_preserving,4
4,0.7538333535194397,129.5312825410074,0.0783302783966064,8.100028991699219,0.5175782442092896,2.9999999242136255e-05,0.5473790168762207,0.8398118019104004,0.7667250633239746,0.7296666502952576,0.0297937747091054,0.5512531995773315,0.0016015724977478,0.7599999904632568,0.0,0.0,0.5036131739616394,0.5325788259506226,0.8480785489082336,0.8004722595214844,0.6855409741401672,0.0289592817425727,0.0,0.0015567129012197,similarity_preserving,5
5,0.753250002861023,123.70026179098932,0.0839247182011604,8.382925987243652,0.5151485800743103,2.9999999242136255e-05,0.544355034828186,0.843134880065918,0.7667193412780762,0.7279999852180481,0.0292001478374004,0.5377950072288513,0.0015696604968979,0.7459999918937683,0.0,0.0,0.5234619379043579,0.5532819032669067,0.8429283499717712,0.7089487314224243,0.8250758051872253,0.0298134367913007,0.0,0.001602628850378,similarity_preserving,6
6,0.7512500286102295,131.93464266700903,0.0824830085039138,8.041242599487305,0.510454535484314,2.9999999242136255e-05,0.5394536256790161,0.8452298641204834,0.7652648091316223,0.7248333096504211,0.0289925150573253,0.5352949500083923,0.0015584995271638,0.7595000267028809,0.0,0.0,0.5043426156044006,0.5328006148338318,0.8498656153678894,0.8190954923629761,0.6592517495155334,0.028451470658183,0.0,0.0015294153708964,similarity_preserving,7
7,0.7608333230018616,130.0017075000069,0.0777016282081604,8.04590129852295,0.5064452886581421,2.9999999242136255e-05,0.5345932245254517,0.8484680652618408,0.776404082775116,0.7326666712760925,0.0281417109072208,0.5293347835540771,0.0015127649530768,0.7630000114440918,0.0,0.0,0.493696004152298,0.5216378569602966,0.8549357652664185,0.7526987195014954,0.7755308151245117,0.0279354862868785,0.0,0.0015016788383945,similarity_preserving,8
8,0.7567499876022339,131.1342020410084,0.0957243219017982,8.375609397888184,0.5074338912963867,2.9999999242136255e-05,0.5353346467018127,0.848051905632019,0.7697426080703735,0.7326666712760925,0.027894327417016,0.5230773687362671,0.0014994667144492,0.7609999775886536,0.0,0.0,0.4937468469142914,0.5206019878387451,0.8531441688537598,0.7647668123245239,0.7462083101272583,0.026848766952753,0.0,0.0014432619791477,similarity_preserving,9
9,0.7634166479110718,125.86431300001276,0.0818845331668853,7.942459106445312,0.5035032629966736,2.9999999242136255e-05,0.531065046787262,0.8532138466835022,0.7773293852806091,0.7383333444595337,0.027555264532566,0.5119447708129883,0.001481240731664,0.7639999985694885,0.0,0.0,0.4904175996780395,0.5175389647483826,0.8553657531738281,0.7782561779022217,0.731041431427002,0.0271149296313524,0.0,0.0014575697714462,similarity_preserving,10
10,0.7583333253860474,131.87912995900842,0.0802416428923606,8.020806312561035,0.5024625062942505,2.9999999242136255e-05,0.5300223231315613,0.8529393672943115,0.7728873491287231,0.7316666841506958,0.0275532733649015,0.5188859701156616,0.001481131883338,0.762499988079071,0.0,0.0,0.4923269152641296,0.5199345350265503,0.8536211252212524,0.781798243522644,0.7209302186965942,0.0276010241359472,0.0,0.0014836995396763,similarity_preserving,11
11,0.7649166584014893,131.28032799999346,0.0815613195300102,7.757568359375,0.4997315406799316,2.9999999242136255e-05,0.5269411206245422,0.8557448387145996,0.7826783061027527,0.7335000038146973,0.0272030867636203,0.4969114065170288,0.0014623077586293,0.7605000138282776,0.0,0.0,0.4932628273963928,0.5204481482505798,0.8562906980514526,0.7514792680740356,0.7704752087593079,0.0271789506077766,0.0,0.0014610107755288,similarity_preserving,12
12,0.768666684627533,126.03189441599534,0.0854169279336929,7.975160121917725,0.4907532930374145,2.9999999242136255e-05,0.517854630947113,0.860975980758667,0.7853097319602966,0.7394999861717224,0.0270952507853508,0.5047717094421387,0.0014565122546628,0.762499988079071,0.0,0.0,0.4923608005046844,0.5193941593170166,0.8578399419784546,0.805225670337677,0.6855409741401672,0.0270269345492124,0.0,0.0014528392348438,similarity_preserving,13
13,0.765749990940094,135.21270116699452,0.088657297194004,8.023179054260254,0.4968282878398895,2.9999999242136255e-05,0.5234977006912231,0.8565683960914612,0.7821624279022217,0.7366666793823242,0.0266628954559564,0.4989235401153564,0.001433270284906,0.7670000195503235,0.0,0.0,0.490875631570816,0.5171891450881958,0.8619505167007446,0.7437092065811157,0.8068756461143494,0.0263072289526462,0.0,0.0014141513966023,similarity_preserving,14
14,0.7724166512489319,118.22478991700336,0.0935552790760994,7.930598735809326,0.4870874881744385,2.9999999242136255e-05,0.5136440992355347,0.8638362884521484,0.7883224487304688,0.7448333501815796,0.0265501979738473,0.4899218082427978,0.0014272120315581,0.7639999985694885,0.0,0.0,0.489670068025589,0.5158956050872803,0.8617744445800781,0.7483189105987549,0.7876642942428589,0.0262191817164421,0.0,0.0014094187645241,similarity_preserving,15
15,0.7754999995231628,141.87031045799085,0.0915879309177398,7.832866668701172,0.4869426190853119,2.9999999242136255e-05,0.5134302377700806,0.8643830418586731,0.791123628616333,0.7486666440963745,0.0264812689274549,0.4802843332290649,0.0014235065318644,0.7630000114440918,0.0,0.0,0.4814063906669616,0.5077931880950928,0.8638936281204224,0.7754010558128357,0.7330636978149414,0.0263804215937852,0.0,0.0014180860016494,similarity_preserving,16
16,0.7755833268165588,158.538397833996,0.0944653898477554,7.909729957580566,0.4838066399097442,2.9999999242136255e-05,0.5101831555366516,0.86468505859375,0.7944790720939636,0.7434999942779541,0.0263698194175958,0.48052579164505,0.0014175155665725,0.7689999938011169,0.0,0.0,0.4913776516914367,0.5186615586280823,0.8623248338699341,0.8281444311141968,0.6723963618278503,0.027277348563075,0.0,0.0014663009205833,similarity_preserving,17
17,0.7775833606719971,141.8161509999918,0.0942599922418594,7.887342929840088,0.4839135706424713,2.9999999242136255e-05,0.5101301670074463,0.8655943870544434,0.791630208492279,0.7534999847412109,0.0262102540582418,0.4845289587974548,0.0014089375035837,0.7599999904632568,0.0,0.0,0.4940519034862518,0.5204125642776489,0.8573371171951294,0.7955865263938904,0.6926187872886658,0.026354206725955,0.0,0.0014166765613481,similarity_preserving,18
18,0.7773333191871643,137.89403820798907,0.0875673741102218,7.9043288230896,0.4797344207763672,2.9999999242136255e-05,0.5057056546211243,0.8684371709823608,0.7939929366111755,0.7490000128746033,0.0259648505598306,0.4755958318710327,0.0013957467162981,0.765999972820282,0.0,0.0,0.4907963275909424,0.5170854926109314,0.8609006404876709,0.7750791907310486,0.7421637773513794,0.0262826848775148,0.0,0.0014128320617601,similarity_preserving,19
19,0.7786666750907898,129.8701224999968,0.0731056332588195,7.8957905769348145,0.4759610295295715,8.999999408842996e-06,0.5016024708747864,0.8725382685661316,0.7956152558326721,0.75,0.0256349332630634,0.4564498960971832,0.001378012006171,0.7670000195503235,0.0,0.0,0.487224131822586,0.5127306580543518,0.8621313571929932,0.7676560878753662,0.7583417296409607,0.0255000013858079,0.0,0.0013707589823752,similarity_preserving,20
