epoch,accuracy,gradient_cosine,gradient_norm,hard_component,hard_gradient_norm,hard_loss,learning_rate,loss,pr_auc,precision,recall,regularization,roc_auc,soft_component,soft_gradient_norm,soft_loss_kl,val_accuracy,val_gradient_cosine,val_gradient_norm,val_hard_component,val_hard_gradient_norm,val_hard_loss,val_loss,val_pr_auc,val_precision,val_recall,val_regularization,val_roc_auc,val_soft_component,val_soft_gradient_norm,val_soft_loss_kl,experiment,stage,combined_epoch
0,0.5115833282470703,0.0,2.99806547164917,0.9567155838012696,2.998061418533325,0.9567155838012696,0.0003000000142492,0.9567343592643738,0.5191517472267151,0.5127266049385071,0.4666666686534881,1.873309702205006e-05,0.51705002784729,0.0,0.0,0.5767083168029785,0.5724999904632568,0.0,0.0,0.7850544452667236,0.0,0.7850544452667236,0.7850713729858398,0.5664322376251221,0.5717344880104065,0.5399393439292908,1.6936219253693707e-05,0.6135962009429932,0.0,0.0,0.4255667626857757,lambda0_equivalence,stage_a,1
1,0.5842499732971191,0.0,2.4149372577667236,0.7642530202865601,2.414935827255249,0.7642530202865601,0.0003000000142492,0.7642682194709778,0.6236015558242798,0.5829368233680725,0.5921666622161865,1.537936805107165e-05,0.6300026178359985,0.0,0.0,0.392414391040802,0.6324999928474426,0.0,0.0,0.686992347240448,0.0,0.686992347240448,0.6870063543319702,0.6579283475875854,0.65450119972229,0.5439838171005249,1.38739715112024e-05,0.6927552819252014,0.0,0.0,0.3215466737747192,lambda0_equivalence,stage_a,2
2,0.6169999837875366,0.0,2.3249669075012207,0.7043846845626831,2.324965476989746,0.7043846845626831,0.0003000000142492,0.7043973803520203,0.6610957980155945,0.6136289834976196,0.6318333148956299,1.2680164218181744e-05,0.6663520336151123,0.0,0.0,0.3453059494495392,0.6754999756813049,0.0,0.0,0.6314952969551086,0.0,0.6314952969551086,0.6315069198608398,0.7212958335876465,0.6888889074325562,0.6268958449363708,1.1644674486888109e-05,0.7356394529342651,0.0,0.0,0.265500009059906,lambda0_equivalence,stage_a,3
3,0.6323333382606506,0.0,2.2855823040008545,0.6759073734283447,2.285580635070801,0.6759073734283447,0.0003000000142492,0.6759178638458252,0.6861333847045898,0.627693772315979,0.6504999995231628,1.067367338691838e-05,0.6866792440414429,0.0,0.0,0.3153678178787231,0.6850000023841858,0.0,0.0,0.6147302985191345,0.0,0.6147302985191345,0.6147401928901672,0.7546604871749878,0.7334200143814087,0.5702729821205139,9.847570254351012e-06,0.7566665410995483,0.0,0.0,0.244423434138298,lambda0_equivalence,stage_a,4
4,0.6426666378974915,0.0,2.1899867057800293,0.6548259854316711,2.189986228942871,0.6548259854316711,0.0003000000142492,0.6548351645469666,0.6989753842353821,0.6402359008789062,0.6513333320617676,9.07772937353002e-06,0.699829638004303,0.0,0.0,0.2918533682823181,0.6959999799728394,0.0,0.0,0.5900035500526428,0.0,0.5900035500526428,0.5900119543075562,0.7777525782585144,0.7396226525306702,0.5945399403572083,8.363856977666728e-06,0.771946907043457,0.0,0.0,0.219295933842659,lambda0_equivalence,stage_a,5
5,0.652999997138977,0.0,2.220116138458252,0.6372888684272766,2.220115423202514,0.6372888684272766,0.0003000000142492,0.6372963786125183,0.7185471057891846,0.6502947211265564,0.6620000004768372,7.797912985552102e-06,0.7113918662071228,0.0,0.0,0.2782520651817322,0.7120000123977661,0.0,0.0,0.5723920464515686,0.0,0.5723920464515686,0.5723993182182312,0.7914746999740601,0.7426556944847107,0.639029324054718,7.340690444834763e-06,0.7829582691192627,0.0,0.0,0.2021760493516922,lambda0_equivalence,stage_a,6
6,0.6480833292007446,0.0,2.125727653503418,0.6278799772262573,2.12572717666626,0.6278799772262573,0.0003000000142492,0.6278870701789856,0.725698709487915,0.6464962959289551,0.6535000205039978,6.828186542406911e-06,0.7188210487365723,0.0,0.0,0.2704022228717804,0.7080000042915344,0.0,0.0,0.5683276653289795,0.0,0.5683276653289795,0.5683340430259705,0.7994283437728882,0.7521793246269226,0.6107178926467896,6.408462013496319e-06,0.7887104153633118,0.0,0.0,0.1968952566385269,lambda0_equivalence,stage_a,7
7,0.6580833196640015,0.0,2.1297543048858643,0.6278716325759888,2.129753351211548,0.6278716325759888,0.0003000000142492,0.6278775930404663,0.7217104434967041,0.6598146557807922,0.6526666879653931,5.986838914395776e-06,0.7186452150344849,0.0,0.0,0.2645551860332489,0.7114999890327454,0.0,0.0,0.5647327899932861,0.0,0.5647327899932861,0.5647384524345398,0.805340051651001,0.7620865106582642,0.6056622862815857,5.563606919167796e-06,0.7927004098892212,0.0,0.0,0.1908466964960098,lambda0_equivalence,stage_a,8
0,0.6669999957084656,0.0,8.958433151245117,0.613191545009613,8.958433151245117,0.613191545009613,2.9999999242136255e-05,0.613197386264801,0.7351420521736145,0.6671671867370605,0.6664999723434448,5.532152954401681e-06,0.7319543957710266,0.0,0.0,0.254509299993515,0.7239999771118164,0.0,0.0,0.5562362670898438,0.0,0.5562362670898438,0.5562416315078735,0.8076179027557373,0.7871221899986267,0.6056622862815857,5.511615199793596e-06,0.805484414100647,0.0,0.0,0.1813792586326599,lambda0_equivalence,stage_b,1
1,0.6804999709129333,0.0,8.180984497070312,0.5968459248542786,8.180985450744629,0.5968459248542786,2.9999999242136255e-05,0.5968517065048218,0.7578072547912598,0.6874350905418396,0.6620000004768372,5.496385256265057e-06,0.7493064999580383,0.0,0.0,0.2367093712091446,0.7315000295639038,0.0,0.0,0.542316198348999,0.0,0.542316198348999,0.5423216223716736,0.8200974464416504,0.7927461266517639,0.6188068985939026,5.48290017832187e-06,0.8130103945732117,0.0,0.0,0.1645066440105438,lambda0_equivalence,stage_b,2
2,0.6881666779518127,0.0,7.799007892608643,0.5880381464958191,7.799007892608643,0.5880381464958191,2.9999999242136255e-05,0.5880433917045593,0.7676265835762024,0.6966213583946228,0.6666666865348816,5.473283636092674e-06,0.7602986097335815,0.0,0.0,0.2324164658784866,0.7319999933242798,0.0,0.0,0.533589780330658,0.0,0.533589780330658,0.5335953831672668,0.8223527073860168,0.7667844295501709,0.6582406759262085,5.463625257107196e-06,0.8165278434753418,0.0,0.0,0.1618375480175018,lambda0_equivalence,stage_b,3
3,0.6870833039283752,0.0,7.695309162139893,0.5869194269180298,7.695309162139893,0.5869194269180298,2.9999999242136255e-05,0.5869253873825073,0.7669610381126404,0.6985671520233154,0.6581666469573975,5.451050128613133e-06,0.7595300674438477,0.0,0.0,0.2285035252571106,0.7319999933242798,0.0,0.0,0.5361447930335999,0.0,0.5361447930335999,0.536150336265564,0.8264334201812744,0.7992073893547058,0.6117290258407593,5.444106591312448e-06,0.8201477527618408,0.0,0.0,0.1614038646221161,lambda0_equivalence,stage_b,4
4,0.6970000267028809,0.0,7.650111198425293,0.5785117149353027,7.650111198425293,0.5785117149353027,2.9999999242136255e-05,0.578516960144043,0.7797939777374268,0.7088339328765869,0.668666660785675,5.433772912510904e-06,0.7699408531188965,0.0,0.0,0.2218588888645172,0.7325000166893005,0.0,0.0,0.5282484889030457,0.0,0.5282484889030457,0.528253972530365,0.8296717405319214,0.7948051691055298,0.6188068985939026,5.424477421911433e-06,0.8267830014228821,0.0,0.0,0.1522416174411773,lambda0_equivalence,stage_b,5
5,0.7005833387374878,0.0,7.338320255279541,0.5732136368751526,7.338320255279541,0.5732136368751526,2.9999999242136255e-05,0.5732194185256958,0.780397891998291,0.710659921169281,0.6766666769981384,5.422411959443707e-06,0.7756373882293701,0.0,0.0,0.2189889252185821,0.746999979019165,0.0,0.0,0.5172390341758728,0.0,0.5172390341758728,0.5172442197799683,0.8321627974510193,0.7656765580177307,0.7037411332130432,5.422295998869231e-06,0.8312630653381348,0.0,0.0,0.1508813202381134,lambda0_equivalence,stage_b,6
6,0.7020833492279053,0.0,7.344237804412842,0.5741046071052551,7.344237804412842,0.5741046071052551,2.9999999242136255e-05,0.5741100907325745,0.7797362804412842,0.7141847610473633,0.6738333106040955,5.421609785116743e-06,0.7751734852790833,0.0,0.0,0.218656837940216,0.7515000104904175,0.0,0.0,0.5148599147796631,0.0,0.5148599147796631,0.5148653388023376,0.834308922290802,0.7645161151885986,0.7189080119132996,5.42056159247295e-06,0.8323491811752319,0.0,0.0,0.151418536901474,lambda0_equivalence,stage_b,7
7,0.7008333206176758,0.0,7.191201210021973,0.5735546350479126,7.191201210021973,0.5735546350479126,2.9999999242136255e-05,0.5735601782798767,0.7815015912055969,0.7105171084403992,0.6778333187103271,5.4158294915396255e-06,0.7765123248100281,0.0,0.0,0.2173690199851989,0.7444999814033508,0.0,0.0,0.5162997841835022,0.0,0.5162997841835022,0.516305148601532,0.8374821543693542,0.8025316596031189,0.6410515904426575,5.409695859270869e-06,0.8370018005371094,0.0,0.0,0.1447256505489349,lambda0_equivalence,stage_b,8
8,0.7024999856948853,0.0,7.222584724426269,0.5681067109107971,7.222584724426269,0.5681067109107971,2.9999999242136255e-05,0.5681123733520508,0.7887202501296997,0.7151966094970703,0.6729999780654907,5.410026915342314e-06,0.779926061630249,0.0,0.0,0.2134260386228561,0.7379999756813049,0.0,0.0,0.535808265209198,0.0,0.535808265209198,0.5358136296272278,0.8386499881744385,0.851739764213562,0.569261908531189,5.411130587162916e-06,0.8338264226913452,0.0,0.0,0.1606210470199585,lambda0_equivalence,stage_b,9
9,0.7070000171661377,0.0,7.499671936035156,0.5631856918334961,7.499673366546631,0.5631856918334961,2.9999999242136255e-05,0.563191294670105,0.7932572364807129,0.7211538553237915,0.675000011920929,5.408896868175361e-06,0.7849878072738647,0.0,0.0,0.2093659043312072,0.7450000047683716,0.0,0.0,0.5235239267349243,0.0,0.5235239267349243,0.5235292911529541,0.83474200963974,0.817218542098999,0.6238625049591064,5.407483968156157e-06,0.8352426290512085,0.0,0.0,0.1497827619314193,lambda0_equivalence,stage_b,10
10,0.7100833058357239,0.0,7.416421890258789,0.5626153349876404,7.416421890258789,0.5626153349876404,2.9999999242136255e-05,0.5626205801963806,0.793307363986969,0.7192555069923401,0.6891666650772095,5.401571797847282e-06,0.7871378660202026,0.0,0.0,0.2093435525894165,0.7505000233650208,0.0,0.0,0.5242007970809937,0.0,0.5242007970809937,0.5242063403129578,0.8410066366195679,0.8421787619590759,0.6097067594528198,5.409759069152642e-06,0.8387205004692078,0.0,0.0,0.1507017016410827,lambda0_equivalence,stage_b,11
11,0.7145000100135803,0.0,7.517166614532471,0.5601274371147156,7.517166614532471,0.5601274371147156,2.9999999242136255e-05,0.5601330399513245,0.797165036201477,0.725789487361908,0.6894999742507935,5.41487270311336e-06,0.7902833819389343,0.0,0.0,0.2074990272521972,0.7494999766349792,0.0,0.0,0.5102459192276001,0.0,0.5102459192276001,0.5102513432502747,0.8377308249473572,0.7925659418106079,0.6683518886566162,5.413164672063431e-06,0.8383699059486389,0.0,0.0,0.1436259299516677,lambda0_equivalence,stage_b,12
12,0.7137500047683716,0.0,7.150962829589844,0.5583121180534363,7.150962829589844,0.5583121180534363,2.9999999242136255e-05,0.5583173036575317,0.7991859316825867,0.727192223072052,0.684166669845581,5.420277375378646e-06,0.7911149263381958,0.0,0.0,0.2076865285634994,0.7484999895095825,0.0,0.0,0.5215163230895996,0.0,0.5215163230895996,0.5215216875076294,0.8377683758735657,0.8248662948608398,0.6238625049591064,5.427864834928187e-06,0.8361481428146362,0.0,0.0,0.1513402163982391,lambda0_equivalence,stage_b,13
13,0.7183333039283752,0.0,7.421561241149902,0.5541673302650452,7.4215617179870605,0.5541673302650452,2.9999999242136255e-05,0.5541728138923645,0.8022063970565796,0.7299052476882935,0.6931666731834412,5.431835688796127e-06,0.7950356602668762,0.0,0.0,0.2058575898408889,0.7570000290870667,0.0,0.0,0.5043026208877563,0.0,0.5043026208877563,0.5043081045150757,0.8398151993751526,0.7672688364982605,0.730030357837677,5.438897460408043e-06,0.842263400554657,0.0,0.0,0.1399493068456649,lambda0_equivalence,stage_b,14
14,0.7235833406448364,0.0,7.213263034820557,0.5500421524047852,7.213263034820557,0.5500421524047852,8.999999408842996e-06,0.5500479340553284,0.809243381023407,0.7346510291099548,0.699999988079071,5.4417955652752426e-06,0.8003014326095581,0.0,0.0,0.2006429880857467,0.7509999871253967,0.0,0.0,0.5087954998016357,0.0,0.5087954998016357,0.5088009238243103,0.8413939476013184,0.8064919114112854,0.6531850099563599,5.445037913887063e-06,0.8423839211463928,0.0,0.0,0.1398617327213287,lambda0_equivalence,stage_b,15
15,0.7226666808128357,0.0,7.393128395080566,0.5445646047592163,7.393128871917725,0.5445646047592163,8.999999408842996e-06,0.5445700287818909,0.8111059665679932,0.7332402467727661,0.699999988079071,5.447819148685085e-06,0.8047587275505066,0.0,0.0,0.1974529772996902,0.7524999976158142,0.0,0.0,0.5106445550918579,0.0,0.5106445550918579,0.5106499791145325,0.8421565294265747,0.8199481964111328,0.6400404572486877,5.450526259664912e-06,0.8435440063476562,0.0,0.0,0.1413193643093109,lambda0_equivalence,stage_b,16
16,0.7232499718666077,0.0,7.502227783203125,0.5436795949935913,7.5022292137146,0.5436795949935913,8.999999408842996e-06,0.5436850190162659,0.8132213354110718,0.7355371713638306,0.6971666812896729,5.45420880371239e-06,0.8050097823143005,0.0,0.0,0.1954261064529419,0.7505000233650208,0.0,0.0,0.5157033801078796,0.0,0.5157033801078796,0.5157087445259094,0.8403785228729248,0.8206806182861328,0.6339737176895142,5.456296094052959e-06,0.8405357599258423,0.0,0.0,0.1444475054740905,lambda0_equivalence,stage_b,17
17,0.7214999794960022,0.0,7.320568561553955,0.5501923561096191,7.320567607879639,0.5501923561096191,8.999999408842996e-06,0.550197958946228,0.8058446645736694,0.7321802973747253,0.6984999775886536,5.45504462934332e-06,0.7997568249702454,0.0,0.0,0.1994924247264862,0.753000020980835,0.0,0.0,0.5117253065109253,0.0,0.5117253065109253,0.5117307305335999,0.8432000279426575,0.8136882185935974,0.6491405367851257,5.456005055748392e-06,0.841890811920166,0.0,0.0,0.1420557200908661,lambda0_equivalence,stage_b,18
18,0.7224166393280029,0.0,7.543610572814941,0.5434860587120056,7.543610572814941,0.5434860587120056,8.999999408842996e-06,0.5434918999671936,0.81154865026474,0.733100414276123,0.6995000243186951,5.458512077893829e-06,0.8056843280792236,0.0,0.0,0.1967721134424209,0.7515000104904175,0.0,0.0,0.5136272311210632,0.0,0.5136272311210632,0.5136327743530273,0.8441420793533325,0.8228346705436707,0.6339737176895142,5.461685759655666e-06,0.8425384759902954,0.0,0.0,0.1437751203775406,lambda0_equivalence,stage_b,19
19,0.7233333587646484,0.0,7.429007053375244,0.5418669581413269,7.429007053375244,0.5418669581413269,8.999999408842996e-06,0.5418722629547119,0.8152592182159424,0.7342657446861267,0.699999988079071,5.463836259878008e-06,0.8069055080413818,0.0,0.0,0.1956991106271743,0.7574999928474426,0.0,0.0,0.5068420767784119,0.0,0.5068420767784119,0.5068474411964417,0.8439342379570007,0.8134328126907349,0.6612740159034729,5.46698220205144e-06,0.8444016575813293,0.0,0.0,0.1386042982339859,lambda0_equivalence,stage_b,20
0,0.5150833129882812,0.0,3.0633792877197266,0.9518484473228456,3.06337571144104,0.9518484473228456,0.0003000000142492,0.951867938041687,0.5255553722381592,0.5159922242164612,0.4866666793823242,1.8608212485560216e-05,0.5275306701660156,0.0,0.0,0.5922059416770935,0.6179999709129333,0.0,0.0,0.7216890454292297,0.0,0.7216890454292297,0.7217060923576355,0.6276851892471313,0.6044568419456482,0.6582406759262085,1.6877249436220154e-05,0.6664766669273376,0.0,0.0,0.3686755299568176,same_view_lambda0,stage_a,1
1,0.6148333549499512,0.0,2.461719751358032,0.7428931593894958,2.4617178440093994,0.7428931593894958,0.0003000000142492,0.7429085969924927,0.6565296649932861,0.6149099469184875,0.6144999861717224,1.5489102224819362e-05,0.6623052954673767,0.0,0.0,0.3710575699806213,0.6790000200271606,0.0,0.0,0.6323837637901306,0.0,0.6323837637901306,0.6323975920677185,0.729656994342804,0.6653956174850464,0.7057633996009827,1.4108492905506864e-05,0.7422747611999512,0.0,0.0,0.2762881815433502,same_view_lambda0,stage_a,2
2,0.659250020980835,0.0,2.375018835067749,0.6634224653244019,2.3750178813934326,0.6634224653244019,0.0003000000142492,0.6634355187416077,0.721322774887085,0.6587473154067993,0.6608333587646484,1.3110071449773386e-05,0.7181299328804016,0.0,0.0,0.3052695095539093,0.6995000243186951,0.0,0.0,0.5971776247024536,0.0,0.5971776247024536,0.5971900224685669,0.772266149520874,0.6876208782196045,0.7189080119132996,1.2185872037662191e-05,0.7723519206047058,0.0,0.0,0.2391899824142456,same_view_lambda0,stage_a,3
3,0.6712499856948853,0.0,2.322113513946533,0.6385537385940552,2.322112798690796,0.6385537385940552,0.0003000000142492,0.6385653614997864,0.7443623542785645,0.6707094311714172,0.6728333234786987,1.1287283996352926e-05,0.7356457710266113,0.0,0.0,0.2779945731163025,0.7110000252723694,0.0,0.0,0.5741725564002991,0.0,0.5741725564002991,0.5741832852363586,0.7940659523010254,0.7133956551551819,0.6946410536766052,1.053715641319286e-05,0.7878168225288391,0.0,0.0,0.2109948247671127,same_view_lambda0,stage_a,4
4,0.6833333373069763,0.0,2.3072049617767334,0.6186646819114685,2.307204484939575,0.6186646819114685,0.0003000000142492,0.6186743378639221,0.7574523091316223,0.6833944916725159,0.6831666827201843,9.774440513865557e-06,0.7494058012962341,0.0,0.0,0.256688505411148,0.7124999761581421,0.0,0.0,0.5604293346405029,0.0,0.5604293346405029,0.5604385137557983,0.8043981194496155,0.7061753273010254,0.7168857455253601,9.114038221014198e-06,0.7975309491157532,0.0,0.0,0.1993403136730194,same_view_lambda0,stage_a,5
5,0.6968333125114441,0.0,2.2055728435516357,0.5949039459228516,2.2055723667144775,0.5949039459228516,0.0003000000142492,0.5949121713638306,0.7722211480140686,0.6984207034111023,0.6928333044052124,8.586519470554776e-06,0.7667621970176697,0.0,0.0,0.23831108212471,0.7164999842643738,0.0,0.0,0.5516349077224731,0.0,0.5516349077224731,0.5516431331634521,0.8131749033927917,0.7060546875,0.731041431427002,8.096247256617062e-06,0.8057560920715332,0.0,0.0,0.1907605975866317,same_view_lambda0,stage_a,6
6,0.6940000057220459,0.0,2.18837833404541,0.5902723670005798,2.188377618789673,0.5902723670005798,0.0003000000142492,0.5902799367904663,0.7794200778007507,0.6941294074058533,0.6936666369438171,7.635767360625323e-06,0.7674185037612915,0.0,0.0,0.2326327711343765,0.7285000085830688,0.0,0.0,0.5390560030937195,0.0,0.5390560030937195,0.539063036441803,0.8211169838905334,0.7332636117935181,0.7087967395782471,7.1774043135519605e-06,0.812262773513794,0.0,0.0,0.1758425235748291,same_view_lambda0,stage_a,7
7,0.7044166922569275,0.0,2.097104549407959,0.5764948129653931,2.0971038341522217,0.5764948129653931,0.0003000000142492,0.5765016078948975,0.7893981337547302,0.7086238861083984,0.6943333148956299,6.8473423198156524e-06,0.778754711151123,0.0,0.0,0.2197227030992508,0.7269999980926514,0.0,0.0,0.5362444519996643,0.0,0.5362444519996643,0.5362508893013,0.8222269415855408,0.7253305912017822,0.7209302186965942,6.488588951469865e-06,0.8143550157546997,0.0,0.0,0.1728719770908355,same_view_lambda0,stage_a,8
0,0.7127500176429749,0.0,9.845192909240724,0.570827305316925,9.845192909240724,0.570827305316925,2.9999999242136255e-05,0.5708337426185608,0.7917090654373169,0.7169811129570007,0.703000009059906,6.4561627368675545e-06,0.7850005626678467,0.0,0.0,0.2145310193300247,0.7415000200271606,0.0,0.0,0.5276252031326294,0.0,0.5276252031326294,0.5276316404342651,0.8293163180351257,0.7383838295936584,0.739130437374115,6.433316684706369e-06,0.826328456401825,0.0,0.0,0.1659414768218994,same_view_lambda0,stage_b,1
1,0.7310000061988831,0.0,9.212082862854004,0.549437403678894,9.212081909179688,0.549437403678894,2.9999999242136255e-05,0.5494436621665955,0.8127779364585876,0.7408758997917175,0.7105000019073486,6.413439223251771e-06,0.8037012815475464,0.0,0.0,0.1931740939617157,0.75,0.0,0.0,0.5133128762245178,0.0,0.5133128762245178,0.5133194327354431,0.8413355946540833,0.747219443321228,0.747219443321228,6.397427114279708e-06,0.8367301821708679,0.0,0.0,0.1515597552061081,same_view_lambda0,stage_b,2
2,0.737583339214325,0.0,8.835827827453613,0.5385810732841492,8.835827827453613,0.5385810732841492,2.9999999242136255e-05,0.5385876297950745,0.8234711289405823,0.748561441898346,0.715499997138977,6.376909823302412e-06,0.8142169713973999,0.0,0.0,0.1897438019514084,0.7565000057220459,0.0,0.0,0.5133825540542603,0.0,0.5133825540542603,0.5133889317512512,0.8407244086265564,0.772826075553894,0.7189080119132996,6.356196081469534e-06,0.8342559337615967,0.0,0.0,0.1487171500921249,same_view_lambda0,stage_b,3
3,0.7440833449363708,0.0,8.31059741973877,0.5330743193626404,8.31059741973877,0.5330743193626404,2.9999999242136255e-05,0.5330802798271179,0.8267393112182617,0.757879912853241,0.7173333168029785,6.3451193454966415e-06,0.8177672028541565,0.0,0.0,0.1817044466733932,0.7519999742507935,0.0,0.0,0.509548544883728,0.0,0.509548544883728,0.5095550417900085,0.8424897193908691,0.7457627058029175,0.756319522857666,6.341702373902081e-06,0.8402405977249146,0.0,0.0,0.1485656648874282,same_view_lambda0,stage_b,4
4,0.7423333525657654,0.0,8.569689750671387,0.5260228514671326,8.569689750671387,0.5260228514671326,2.9999999242136255e-05,0.5260290503501892,0.8326700925827026,0.7543736696243286,0.718666672706604,6.330786163744051e-06,0.8243474960327148,0.0,0.0,0.1749488711357116,0.7580000162124634,0.0,0.0,0.5086945295333862,0.0,0.5086945295333862,0.5087008476257324,0.8472497463226318,0.7995254993438721,0.6814964413642883,6.324851256067632e-06,0.8436120748519897,0.0,0.0,0.1433416455984115,same_view_lambda0,stage_b,5
5,0.7476666569709778,0.0,8.359169006347656,0.5240464806556702,8.359169006347656,0.5240464806556702,2.9999999242136255e-05,0.5240526795387268,0.8356527090072632,0.7613436579704285,0.7214999794960022,6.316667622741079e-06,0.8260431289672852,0.0,0.0,0.1736481785774231,0.7515000104904175,0.0,0.0,0.498065173625946,0.0,0.498065173625946,0.4980714917182922,0.8507027626037598,0.7484848499298096,0.7492416501045227,6.304558610281674e-06,0.8475200533866882,0.0,0.0,0.1395993083715438,same_view_lambda0,stage_b,6
6,0.7559166550636292,0.0,8.2041597366333,0.5149549245834351,8.2041597366333,0.5149549245834351,2.9999999242136255e-05,0.5149616003036499,0.8419078588485718,0.7737564444541931,0.7233333587646484,6.304458565864479e-06,0.8326008915901184,0.0,0.0,0.1693696826696396,0.7565000057220459,0.0,0.0,0.5018795132637024,0.0,0.5018795132637024,0.5018858909606934,0.8486666083335876,0.7446393966674805,0.7724974751472473,6.303141617536312e-06,0.8489112257957458,0.0,0.0,0.1440456509590149,same_view_lambda0,stage_b,7
7,0.7573333382606506,0.0,8.285284996032715,0.5106652975082397,8.285284996032715,0.5106652975082397,2.9999999242136255e-05,0.5106716752052307,0.8449059724807739,0.7710674405097961,0.7319999933242798,6.3027068790688645e-06,0.8367453217506409,0.0,0.0,0.1667057424783706,0.7674999833106995,0.0,0.0,0.500611424446106,0.0,0.500611424446106,0.5006177425384521,0.8516482710838318,0.8164251446723938,0.6835187077522278,6.297894742601784e-06,0.848739743232727,0.0,0.0,0.1365218609571457,same_view_lambda0,stage_b,8
8,0.7609166502952576,0.0,7.978626251220703,0.505324125289917,7.978626251220703,0.505324125289917,2.9999999242136255e-05,0.5053301453590393,0.8498653769493103,0.7757618427276611,0.734000027179718,6.298640528257238e-06,0.841396152973175,0.0,0.0,0.1603980958461761,0.7674999833106995,0.0,0.0,0.5102746486663818,0.0,0.5102746486663818,0.5102810263633728,0.8568024635314941,0.8598901033401489,0.6329625844955444,6.295883849816164e-06,0.8522191047668457,0.0,0.0,0.1432191729545593,same_view_lambda0,stage_b,9
9,0.7579166889190674,0.0,8.09742546081543,0.5059694051742554,8.09742546081543,0.5059694051742554,2.9999999242136255e-05,0.5059763789176941,0.8487083911895752,0.7719205617904663,0.7321666479110718,6.294902959780302e-06,0.8401491045951843,0.0,0.0,0.1633411645889282,0.765999972820282,0.0,0.0,0.5016711354255676,0.0,0.5016711354255676,0.5016774535179138,0.8557012677192688,0.8236024975776672,0.6703740954399109,6.29617943559424e-06,0.8537822961807251,0.0,0.0,0.1390317976474762,same_view_lambda0,stage_b,10
10,0.7620000243186951,0.0,8.094051361083984,0.5034677386283875,8.094050407409668,0.5034677386283875,2.9999999242136255e-05,0.5034738779067993,0.8508186340332031,0.7775423526763916,0.734000027179718,6.293303613347234e-06,0.8426855802536011,0.0,0.0,0.1603772342205047,0.7720000147819519,0.0,0.0,0.4921746253967285,0.0,0.4921746253967285,0.4921810925006866,0.8560087084770203,0.7984322309494019,0.7209302186965942,6.299125288933283e-06,0.8534207940101624,0.0,0.0,0.132549300789833,same_view_lambda0,stage_b,11
11,0.7636666893959045,0.0,8.376937866210938,0.5016656517982483,8.376937866210938,0.5016656517982483,2.9999999242136255e-05,0.5016718506813049,0.8523358702659607,0.7781293988227844,0.737666666507721,6.298172593233176e-06,0.8435041904449463,0.0,0.0,0.1592937856912613,0.7664999961853027,0.0,0.0,0.4937006533145904,0.0,0.4937006533145904,0.4937068819999695,0.8547669053077698,0.7620481848716736,0.7674418687820435,6.295479124673875e-06,0.8534907698631287,0.0,0.0,0.136664405465126,same_view_lambda0,stage_b,12
12,0.7681666612625122,0.0,7.706716060638428,0.4926050305366516,7.706716060638428,0.4926050305366516,8.999999408842996e-06,0.4926114976406097,0.8597712516784668,0.7841752171516418,0.7400000095367432,6.296724677667953e-06,0.8505340814590454,0.0,0.0,0.1513974070549011,0.7699999809265137,0.0,0.0,0.4865894019603729,0.0,0.4865894019603729,0.4865955412387848,0.8600383400917053,0.7752341032028198,0.7532861232757568,6.298803327808855e-06,0.8563821315765381,0.0,0.0,0.128778725862503,same_view_lambda0,stage_b,13
13,0.7721666693687439,0.0,8.052129745483398,0.4888783097267151,8.052129745483398,0.4888783097267151,8.999999408842996e-06,0.4888846576213836,0.8624154329299927,0.7836053967475891,0.7519999742507935,6.302468591457e-06,0.8541066646575928,0.0,0.0,0.1543494611978531,0.765999972820282,0.0,0.0,0.4901966750621795,0.0,0.4901966750621795,0.4902029633522033,0.8585752248764038,0.7891231775283813,0.7189080119132996,6.304210273810895e-06,0.8546758890151978,0.0,0.0,0.1297864615917205,same_view_lambda0,stage_b,14
14,0.7705833315849304,0.0,8.083992958068848,0.4870762526988983,8.083992958068848,0.4870762526988983,8.999999408842996e-06,0.4870828092098236,0.8632374405860901,0.7875996232032776,0.7409999966621399,6.3052129917196e-06,0.8554061651229858,0.0,0.0,0.1488309502601623,0.7684999704360962,0.0,0.0,0.4891581237316131,0.0,0.4891581237316131,0.4891643822193146,0.8588709235191345,0.7877461910247803,0.7280080914497375,6.3056427279661875e-06,0.8543523550033569,0.0,0.0,0.1289461255073547,same_view_lambda0,stage_b,15
15,0.7714166641235352,0.0,7.98984956741333,0.4869521856307983,7.98984956741333,0.4869521856307983,8.999999408842996e-06,0.4869588315486908,0.8642670512199402,0.785151481628418,0.7473333477973938,6.3092356867855415e-06,0.8555616736412048,0.0,0.0,0.1504948437213897,0.7684999704360962,0.0,0.0,0.4903382360935211,0.0,0.4903382360935211,0.4903445839881897,0.860554039478302,0.8108747005462646,0.6936299204826355,6.3135730670182966e-06,0.8563381433486938,0.0,0.0,0.1282991021871566,same_view_lambda0,stage_b,16
16,0.7727500200271606,0.0,8.31282901763916,0.4868090152740478,8.312829971313477,0.4868090152740478,8.999999408842996e-06,0.4868152737617492,0.8640621900558472,0.7889810800552368,0.7446666955947876,6.316087365121348e-06,0.8551313877105713,0.0,0.0,0.1510626971721649,0.7710000276565552,0.0,0.0,0.4895285069942474,0.0,0.4895285069942474,0.4895348250865936,0.8614711761474609,0.815695583820343,0.6936299204826355,6.3202464843925554e-06,0.8571577072143555,0.0,0.0,0.127964437007904,same_view_lambda0,stage_b,17
17,0.7716666460037231,0.0,8.072657585144043,0.4871485233306885,8.072657585144043,0.4871485233306885,8.999999408842996e-06,0.4871549606323242,0.8651073575019836,0.7884956002235413,0.7425000071525574,6.321535238384968e-06,0.8552805781364441,0.0,0.0,0.1513122916221618,0.765999972820282,0.0,0.0,0.4864974021911621,0.0,0.4864974021911621,0.4865037798881531,0.8605810403823853,0.7840785384178162,0.7269969582557678,6.325243248284096e-06,0.857130229473114,0.0,0.0,0.1274717152118683,same_view_lambda0,stage_b,18
18,0.7705833315849304,0.0,7.994597434997559,0.4888941645622253,7.994597434997559,0.4888941645622253,8.999999408842996e-06,0.4888999760150909,0.8622376918792725,0.7866855263710022,0.7425000071525574,6.3263705669669434e-06,0.8533323407173157,0.0,0.0,0.1518019437789917,0.7664999961853027,0.0,0.0,0.4863739609718323,0.0,0.4863739609718323,0.4863802790641784,0.8608922362327576,0.7753164768218994,0.7431749105453491,6.329946245386964e-06,0.856930673122406,0.0,0.0,0.1287049204111099,same_view_lambda0,stage_b,19
19,0.7719166874885559,0.0,8.138843536376953,0.4851073324680328,8.138843536376953,0.4851073324680328,8.999999408842996e-06,0.4851130843162536,0.8655637502670288,0.7886078357696533,0.7429999709129333,6.332420525723137e-06,0.8563555479049683,0.0,0.0,0.1499154865741729,0.7684999704360962,0.0,0.0,0.4863258898258209,0.0,0.4863258898258209,0.4863321185111999,0.8604975938796997,0.7821888327598572,0.7371081709861755,6.333312740025576e-06,0.8565400838851929,0.0,0.0,0.1273749619722366,same_view_lambda0,stage_b,20
0,0.5141666531562805,0.7584441900253296,3.014816999435425,0.7191754579544067,2.3178787231445312,0.9589004516601562,0.0003000000142492,0.906006157398224,0.5207785964012146,0.5156826376914978,0.4658333361148834,1.8567239749245346e-05,0.5217491388320923,0.1868122965097427,0.8301736116409302,0.1868122965097427,0.6240000128746033,0.0,0.0,0.5353400707244873,0.0,0.713786780834198,0.6804361939430237,0.6313104629516602,0.6142719388008118,0.6440849304199219,1.676135798334144e-05,0.6694925427436829,0.1450793296098709,0.0,0.1450793296098709,same_view_t2_l025,stage_a,1
1,0.6172500252723694,0.6372569799423218,2.319469451904297,0.547783613204956,1.8648186922073364,0.7303780317306519,0.0003000000142492,0.6624830961227417,0.6656656861305237,0.6204004883766174,0.6041666865348816,1.5277262718882412e-05,0.66839998960495,0.1146843582391738,0.6155343651771545,0.1146843582391738,0.6830000281333923,0.0,0.0,0.4669519066810608,0.0,0.6226023435592651,0.5748479962348938,0.7406917214393616,0.674876868724823,0.6926187872886658,1.3858502825314645e-05,0.7490156292915344,0.1078822091221809,0.0,0.1078822091221809,same_view_t2_l025,stage_a,2
2,0.6613333225250244,0.5945281386375427,2.1394896507263184,0.4917276501655578,1.7546542882919312,0.6556367874145508,0.0003000000142492,0.5858802199363708,0.7269604206085205,0.6655833125114441,0.6485000252723694,1.280782998946961e-05,0.722900390625,0.0941398218274116,0.5521510243415833,0.0941398218274116,0.7039999961853027,0.0,0.0,0.4419677555561065,0.0,0.589290201663971,0.5344650745391846,0.7837174534797668,0.6885090470314026,0.7330636978149414,1.1762040230678394e-05,0.7806214094161987,0.0924856290221214,0.0,0.0924856290221214,same_view_t2_l025,stage_a,3
3,0.6816666722297668,0.5574227571487427,2.061094284057617,0.4673521220684051,1.7088249921798706,0.6231364607810974,0.0003000000142492,0.5507035851478577,0.7558292150497437,0.6873496174812317,0.6664999723434448,1.0807322723849213e-05,0.7482011318206787,0.0833406597375869,0.5273259878158569,0.0833406597375869,0.7160000205039978,0.0,0.0,0.4266241192817688,0.0,0.5688322186470032,0.5117675065994263,0.7997522354125977,0.7362514138221741,0.6632962822914124,9.965036042558497e-06,0.7929769158363342,0.0851335003972053,0.0,0.0851335003972053,same_view_t2_l025,stage_a,4
4,0.6875,0.5203758478164673,1.9846718311309817,0.457731693983078,1.665077805519104,0.6103091835975647,0.0003000000142492,0.5348525643348694,0.7669782638549805,0.696061372756958,0.6656666398048401,9.192914149025457e-06,0.7551175951957703,0.0771117359399795,0.5030596256256104,0.0771117359399795,0.7210000157356262,0.0,0.0,0.4142144918441772,0.0,0.5522862076759338,0.4928687214851379,0.8108197450637817,0.7237798571586609,0.7047522664070129,8.465975042781793e-06,0.8027191162109375,0.0786457359790802,0.0,0.0786457359790802,same_view_t2_l025,stage_a,5
5,0.7011666893959045,0.4824365973472595,1.9451764822006223,0.442806601524353,1.6515743732452393,0.5904091596603394,0.0003000000142492,0.5150180459022522,0.779895544052124,0.7136282920837402,0.671999990940094,7.914869456726592e-06,0.7685386538505554,0.0722032040357589,0.4889557957649231,0.0722032040357589,0.7264999747276306,0.0,0.0,0.4067506194114685,0.0,0.5423341393470764,0.4815830290317535,0.8193435668945312,0.7278350591659546,0.7138524055480957,7.381604063994018e-06,0.8108375668525696,0.0748251304030418,0.0,0.0748251304030418,same_view_t2_l025,stage_a,6
6,0.7055000066757202,0.4823809266090393,1.8927379846572876,0.4362337291240692,1.608472466468811,0.5816450119018555,0.0003000000142492,0.5049334764480591,0.7853348255157471,0.7190831303596497,0.6744999885559082,6.9156885729171336e-06,0.7742738127708435,0.0686927512288093,0.4795308411121368,0.0686927512288093,0.7335000038146973,0.0,0.0,0.4026971161365509,0.0,0.5369294285774231,0.475904643535614,0.8259593844413757,0.7579185366630554,0.6774519681930542,6.477356691902969e-06,0.8157436847686768,0.0732010304927825,0.0,0.0732010304927825,same_view_t2_l025,stage_a,7
7,0.7074999809265137,0.4575037062168121,1.8372288942337036,0.4304587543010711,1.5714430809020996,0.5739449858665466,0.0003000000142492,0.4970819056034088,0.7927418351173401,0.7235991358757019,0.671500027179718,6.104755357227987e-06,0.7817776799201965,0.0666170790791511,0.4656491577625274,0.0666170790791511,0.7304999828338623,0.0,0.0,0.3981461226940155,0.0,0.5308614373207092,0.469137579202652,0.8280090689659119,0.7363445162773132,0.7087967395782471,5.785600933450041e-06,0.8180649280548096,0.070985771715641,0.0,0.070985771715641,same_view_t2_l025,stage_a,8
0,0.718833327293396,0.5203490853309631,8.527094841003418,0.423457384109497,7.1528191566467285,0.564609706401825,2.9999999242136255e-05,0.4871659278869629,0.7986959218978882,0.7347157597541809,0.6850000023841858,5.755682195740519e-06,0.7898396849632263,0.0637029483914375,2.1404619216918945,0.0637029483914375,0.7425000071525574,0.0,0.0,0.3904823958873749,0.0,0.5206431746482849,0.4559072256088257,0.8335264921188354,0.7515923380851746,0.7158746123313904,5.7347929214301985e-06,0.8280351758003235,0.0654190927743911,0.0,0.0654190927743911,same_view_t2_l025,stage_b,1
1,0.7348333597183228,0.4641235768795013,7.682492733001709,0.4078443646430969,6.592553615570068,0.5437927842140198,2.9999999242136255e-05,0.4646397233009338,0.8218175768852234,0.7582477927207947,0.6894999742507935,5.7156553339154925e-06,0.8089479207992554,0.0567896366119384,1.874293565750122,0.0567896366119384,0.7459999918937683,0.0,0.0,0.383230984210968,0.0,0.5109747648239136,0.445218414068222,0.8402937650680542,0.7616974711418152,0.7077856659889221,5.702916951122461e-06,0.8362526893615723,0.0619816556572914,0.0,0.0619816556572914,same_view_t2_l025,stage_b,2
2,0.7438333630561829,0.4420753717422485,7.292719841003418,0.3984129726886749,6.264957904815674,0.5312172770500183,2.9999999242136255e-05,0.451496958732605,0.8275639414787292,0.7712273001670837,0.6933333277702332,5.6912667787401006e-06,0.8196800947189331,0.0530782528221607,1.855546832084656,0.0530782528221607,0.7519999742507935,0.0,0.0,0.3802987337112427,0.0,0.5070648193359375,0.4397106766700744,0.8437743186950684,0.7682263255119324,0.7138524055480957,5.67900087844464e-06,0.8401376605033875,0.0594063326716423,0.0,0.0594063326716423,same_view_t2_l025,stage_b,3
3,0.7461666464805603,0.4397698044776916,7.069422721862793,0.3951738774776459,6.040195941925049,0.5268980860710144,2.9999999242136255e-05,0.4476025104522705,0.8335604071617126,0.7733160853385925,0.6965000033378601,5.669585789291887e-06,0.822904646396637,0.0524229370057582,1.8019989728927612,0.0524229370057582,0.7534999847412109,0.0,0.0,0.3791486024856567,0.0,0.5055315494537354,0.4398546814918518,0.8430662155151367,0.7767857313156128,0.7037411332130432,5.661664999934146e-06,0.8397351503372192,0.0607004128396511,0.0,0.0607004128396511,same_view_t2_l025,stage_b,4
4,0.749666690826416,0.4490390717983246,7.0428853034973145,0.3919220864772796,6.036908149719238,0.5225628018379211,2.9999999242136255e-05,0.4420357346534729,0.8365867733955383,0.7754689455032349,0.702833354473114,5.656311714119511e-06,0.8272809982299805,0.0501080676913261,1.7301803827285769,0.0501080676913261,0.7605000138282776,0.0,0.0,0.3737505972385406,0.0,0.498334139585495,0.4314931035041809,0.853070855140686,0.7985948324203491,0.6895854473114014,5.651761966873892e-06,0.8492252826690674,0.0577367842197418,0.0,0.0577367842197418,same_view_t2_l025,stage_b,5
5,0.7580833435058594,0.4339016377925873,6.875328540802002,0.3868381083011627,5.9098801612854,0.5157842636108398,2.9999999242136255e-05,0.4355309605598449,0.8421274423599243,0.7862821221351624,0.7088333368301392,5.651426818076288e-06,0.8329465985298157,0.0486869551241397,1.7208702564239502,0.0486869551241397,0.7670000195503235,0.0,0.0,0.3709324598312378,0.0,0.4945767223834991,0.4270641803741455,0.8530392646789551,0.7889502644538879,0.721941351890564,5.646733370667789e-06,0.8503168821334839,0.0561260543763637,0.0,0.0561260543763637,same_view_t2_l025,stage_b,6
6,0.753083348274231,0.4083202183246612,6.851484298706055,0.3852995336055755,5.93764591217041,0.5137328505516052,2.9999999242136255e-05,0.4338298439979553,0.845000684261322,0.7838848233222961,0.6988333463668823,5.635451088892296e-06,0.83283931016922,0.0485245734453201,1.7125728130340576,0.0485245734453201,0.765500009059906,0.0,0.0,0.3691585958003998,0.0,0.4922114908695221,0.4242776930332184,0.8555710911750793,0.7876105904579163,0.7199190855026245,5.6315116125915665e-06,0.8516920804977417,0.0551134757697582,0.0,0.0551134757697582,same_view_t2_l025,stage_b,7
7,0.7598333358764648,0.4299344420433044,6.7729105949401855,0.3808401226997375,5.855560779571533,0.5077868700027466,2.9999999242136255e-05,0.4269251823425293,0.8494430780410767,0.7897769808769226,0.7081666588783264,5.6265412240463775e-06,0.8396989703178406,0.0460794307291507,1.6642789840698242,0.0460794307291507,0.7684999704360962,0.0,0.0,0.3689244389533996,0.0,0.4918992221355438,0.4234130084514618,0.8558211326599121,0.7858695387840271,0.731041431427002,5.622888693324057e-06,0.8528372049331665,0.0544829852879047,0.0,0.0544829852879047,same_view_t2_l025,stage_b,8
8,0.7620833516120911,0.4029577970504761,6.674230575561523,0.3769149482250213,5.7812042236328125,0.5025530457496643,2.9999999242136255e-05,0.4220506250858307,0.8534855842590332,0.7932127714157104,0.7089999914169312,5.623841843771515e-06,0.8430291414260864,0.0451301373541355,1.6846143007278442,0.0451301373541355,0.7609999775886536,0.0,0.0,0.3778102993965149,0.0,0.5037470459938049,0.4364314079284668,0.8572385907173157,0.8393094539642334,0.639029324054718,5.619687271973817e-06,0.851965606212616,0.0586155503988266,0.0,0.0586155503988266,same_view_t2_l025,stage_b,9
9,0.7618333101272583,0.397678941488266,6.694314479827881,0.3768065869808197,5.819700717926025,0.5024086236953735,2.9999999242136255e-05,0.4218890070915222,0.8549231886863708,0.7959683537483215,0.7041666507720947,5.61822162126191e-06,0.8428657054901123,0.0450771786272525,1.6493005752563477,0.0450771786272525,0.762499988079071,0.0,0.0,0.3753017485141754,0.0,0.5004023909568787,0.4301554262638092,0.8544855117797852,0.8141809105873108,0.6734074950218201,5.62426475880784e-06,0.8508849143981934,0.0548478998243808,0.0,0.0548478998243808,same_view_t2_l025,stage_b,10
10,0.7684999704360962,0.3959434330463409,6.752628803253174,0.3736971020698547,5.816671848297119,0.4982630312442779,2.9999999242136255e-05,0.4185555279254913,0.8588351011276245,0.8006718754768372,0.7149999737739563,5.617860551865306e-06,0.8465784788131714,0.0448527410626411,1.721328616142273,0.0448527410626411,0.7739999890327454,0.0,0.0,0.3636656403541565,0.0,0.4848874807357788,0.4162459969520569,0.8612022399902344,0.7980022430419922,0.7269969582557678,5.619132480205735e-06,0.8575512170791626,0.0525746867060661,0.0,0.0525746867060661,same_view_t2_l025,stage_b,11
11,0.7613333463668823,0.3967339694499969,6.673635959625244,0.374801754951477,5.7918267250061035,0.4997355937957763,2.9999999242136255e-05,0.4186200499534607,0.8556150794029236,0.7955145239830017,0.703499972820282,5.6132234931283165e-06,0.845015287399292,0.0438126362860202,1.6603657007217407,0.0438126362860202,0.7620000243186951,0.0,0.0,0.3700715899467468,0.0,0.4934289157390594,0.4237693250179291,0.8569951057434082,0.7567567825317383,0.7644084692001343,5.6099593166436534e-06,0.8542318940162659,0.0536921508610248,0.0,0.0536921508610248,same_view_t2_l025,stage_b,12
12,0.76583331823349,0.3719672560691833,6.360583305358887,0.3741841912269592,5.5185136795043945,0.4989124238491058,2.9999999242136255e-05,0.4182831645011902,0.8565475940704346,0.7998120188713074,0.7091666460037231,5.603225417871727e-06,0.8462873101234436,0.0440932177007198,1.6431134939193726,0.0440932177007198,0.765999972820282,0.0,0.0,0.3663433194160461,0.0,0.488457590341568,0.4202441573143005,0.8578890562057495,0.7699481844902039,0.7512639164924622,5.600109034276102e-06,0.8549563884735107,0.0538952685892581,0.0,0.0538952685892581,same_view_t2_l025,stage_b,13
13,0.7662500143051147,0.3847039043903351,6.584661960601807,0.3708201050758362,5.722182273864746,0.4944267570972442,2.9999999242136255e-05,0.414464920759201,0.8593906164169312,0.7959977984428406,0.7160000205039978,5.601817065326031e-06,0.8500322699546814,0.0436393320560455,1.6416054964065552,0.0436393320560455,0.7695000171661377,0.0,0.0,0.3667851984500885,0.0,0.4890469908714294,0.4191963374614715,0.8586573600769043,0.7972972989082336,0.7158746123313904,5.605545538855949e-06,0.8553299903869629,0.0524055287241935,0.0,0.0524055287241935,same_view_t2_l025,stage_b,14
14,0.7765833139419556,0.3570557832717895,6.312149524688721,0.361552894115448,5.53571081161499,0.4820705950260162,8.999999408842996e-06,0.4040409028530121,0.868838369846344,0.807257890701294,0.7266666889190674,5.606480044662021e-06,0.8597712516784668,0.0424826703965663,1.5915603637695312,0.0424826703965663,0.7684999704360962,0.0,0.0,0.3650675415992737,0.0,0.4867567420005798,0.4160505533218384,0.86067134141922,0.7935267686843872,0.7189080119132996,5.608752871921752e-06,0.8572972416877747,0.050977487117052,0.0,0.050977487117052,same_view_t2_l025,stage_b,15
15,0.7710833549499512,0.3492316901683807,6.273350238800049,0.3619154393672943,5.519374370574951,0.4825536608695984,8.999999408842996e-06,0.4031949937343597,0.8694375157356262,0.8017065525054932,0.7203333377838135,5.608254923572531e-06,0.8579131364822388,0.0412741303443908,1.5719006061553955,0.0412741303443908,0.7695000171661377,0.0,0.0,0.3664320111274719,0.0,0.4885760247707367,0.4187841713428497,0.8610724210739136,0.8098591566085815,0.6976743936538696,5.610284915746888e-06,0.8571672439575195,0.0523465760052204,0.0,0.0523465760052204,same_view_t2_l025,stage_b,16
16,0.7770000100135803,0.348746657371521,6.540646553039551,0.3619757890701294,5.773934841156006,0.4826345145702362,8.999999408842996e-06,0.4026351869106293,0.8691827058792114,0.8117029070854187,0.7213333249092102,5.610510015685577e-06,0.8586405515670776,0.0406539142131805,1.5888622999191284,0.0406539142131805,0.7764999866485596,0.0,0.0,0.3642742037773132,0.0,0.4856991171836853,0.4152551293373108,0.861798882484436,0.810068666934967,0.7158746123313904,5.610529569821665e-06,0.8581753969192505,0.0509752631187438,0.0,0.0509752631187438,same_view_t2_l025,stage_b,17
17,0.7796666622161865,0.3475397527217865,6.177618026733398,0.3601447343826294,5.448486804962158,0.4801929891109466,8.999999408842996e-06,0.4008207619190216,0.8708693981170654,0.8132935166358948,0.7260000109672546,5.612359473161632e-06,0.861005961894989,0.040670558810234,1.5569674968719482,0.040670558810234,0.7745000123977661,0.0,0.0,0.3637995421886444,0.0,0.4850659668445587,0.4139684438705444,0.8628081679344177,0.7982261776924133,0.7280080914497375,5.617485385300824e-06,0.858928918838501,0.0501633621752262,0.0,0.0501633621752262,same_view_t2_l025,stage_b,18
18,0.7789166569709778,0.3656892776489258,6.460949897766113,0.3586110174655914,5.664525508880615,0.4781477749347687,8.999999408842996e-06,0.399705022573471,0.872854471206665,0.8085930347442627,0.7308333516120911,5.618779141514096e-06,0.8620724678039551,0.0410885401070117,1.6157222986221311,0.0410885401070117,0.7720000147819519,0.0,0.0,0.3615080118179321,0.0,0.4820106029510498,0.4117981195449829,0.8646764159202576,0.7850267291069031,0.7421637773513794,5.6218627833004575e-06,0.8601910471916199,0.0502845384180545,0.0,0.0502845384180545,same_view_t2_l025,stage_b,19
19,0.7777500152587891,0.3171363174915313,6.245582103729248,0.3584002256393432,5.533997535705566,0.4778667688369751,8.999999408842996e-06,0.3992294073104858,0.8726102113723755,0.8102774024009705,0.7253333330154419,5.622902335744584e-06,0.862249493598938,0.0408237464725971,1.6028414964675903,0.0408237464725971,0.7724999785423279,0.0,0.0,0.361522376537323,0.0,0.4820299446582794,0.4118635356426239,0.863801121711731,0.79666668176651,0.7249747514724731,5.625750873150537e-06,0.8601980805397034,0.0503355041146278,0.0,0.0503355041146278,same_view_t2_l025,stage_b,20
