index,operator,input_shape,output_shape,input_activation_bytes,output_activation_bytes,activation_io_bytes,constant_bytes,live_activation_before_bytes,live_activation_during_bytes,live_activation_after_bytes,live_tensor_count_during,live_plus_constants_bytes,estimated_macs,estimated_elementwise_ops,tag,count,total_us,mean_us,min_us,max_us,mean_ms,min_ms,max_ms,latency_share,mmacs_per_second,activation_kib_per_ms
0,MUL,1x120x120x3,1x120x120x3,43200,43200,86400,1,43200,86400,43200,2,86401,0,43200,MUL,20,614843,30742.15,30224,31756,30.742150000000002,30.224,31.756,0.027548585711151864,,2.7446030937979287
1,ADD,1x120x120x3,1x120x120x3,43200,43200,86400,1,43200,86400,43200,2,86401,0,43200,ADD,20,1208445,60422.25,59461,61283,60.42225,59.461,61.283,0.05414544958585023,,1.3964226754217197
2,CONV_2D,1x120x120x3,1x60x60x8,43200,28800,72000,248,43200,72000,28800,2,72248,777600,0,CONV_2D,20,2168119,108405.95,107801,111371,108.40594999999999,107.801,111.371,0.09714449396590163,7.173038011289971,0.6486036974907743
3,DEPTHWISE_CONV_2D,1x60x60x8,1x60x60x8,28800,28800,57600,104,28800,57600,28800,2,57704,259200,0,DEPTHWISE_CONV_2D,20,758204,37910.2,37330,39006,37.910199999999996,37.33,39.006,0.03397200241449961,6.837210038459307,1.4837695395962038
4,CONV_2D,1x60x60x8,1x60x60x16,28800,57600,86400,192,28800,86400,57600,2,86592,460800,0,CONV_2D,20,1440566,72028.3,70960,72535,72.0283,70.96,72.535,0.06454583678039955,6.397485432809049,1.1714145689957975
5,DEPTHWISE_CONV_2D,1x60x60x16,1x30x30x16,57600,14400,72000,208,57600,72000,14400,2,72208,129600,0,DEPTHWISE_CONV_2D,20,461091,23054.55,22423,25682,23.05455,22.423,25.682,0.020659591040543233,5.6214499957709,3.0498318119416776
6,CONV_2D,1x30x30x16,1x30x30x32,14400,28800,43200,640,14400,43200,28800,2,43840,460800,0,CONV_2D,20,960645,48032.25,47011,51332,48.03225,47.011,51.332,0.04304255089590266,9.593554330684071,0.8783161313492498
7,DEPTHWISE_CONV_2D,1x30x30x32,1x30x30x32,28800,28800,57600,416,28800,57600,28800,2,58016,259200,0,DEPTHWISE_CONV_2D,20,722675,36133.75,35428,37253,36.13375,35.428,37.253,0.03238009407085495,7.173349015809319,1.556716366278064
8,CONV_2D,1x30x30x32,1x30x30x32,28800,28800,57600,1152,28800,57600,28800,2,58752,921600,0,CONV_2D,20,1474331,73716.55,72516,75900,73.71655,72.516,75.9,0.06605870754014966,12.501941558578094,0.7630579564561826
9,DEPTHWISE_CONV_2D,1x30x30x32,1x15x15x32,28800,7200,36000,416,28800,36000,7200,2,36416,64800,0,DEPTHWISE_CONV_2D,20,223769,11188.45,10717,12428,11.188450000000001,10.717,12.428,0.010026168429987397,5.7916869628947705,3.14219127761218
10,CONV_2D,1x15x15x32,1x15x15x64,7200,14400,21600,2304,7200,21600,14400,2,23904,460800,0,CONV_2D,20,707270,35363.5,34618,38107,35.3635,34.618,38.107,0.031689859388374556,13.030384435929701,0.596483662533403
11,DEPTHWISE_CONV_2D,1x15x15x64,1x15x15x64,14400,14400,28800,832,14400,28800,14400,2,29632,129600,0,DEPTHWISE_CONV_2D,20,369392,18469.6,17832,20156,18.4696,17.832,20.156,0.016550936048737332,7.016935937973752,1.522772555983887
12,CONV_2D,1x15x15x64,1x15x15x64,14400,14400,28800,4352,14400,28800,14400,2,33152,921600,0,CONV_2D,20,1380216,69010.8,67539,72447,69.0108,67.539,72.447,0.0618418015264111,13.35443148029004,0.4075449060147107
13,PAD,1x15x15x64,1x16x16x64,14400,16384,30784,32,14400,30784,16384,2,30816,0,16384,PAD,20,90140,4507.0,4156,6223,4.507,4.156,6.223,0.004038802614656471,,6.67017972043488
14,DEPTHWISE_CONV_2D,1x16x16x64,1x7x7x64,16384,3136,19520,832,16384,19520,3136,2,20352,28224,0,DEPTHWISE_CONV_2D,20,162844,8142.2,8017,8942,8.142199999999999,8.017,8.942,0.007296369791226075,3.4663850065092974,2.341197710692442
15,CONV_2D,1x7x7x64,1x7x7x128,3136,6272,9408,8704,3136,9408,6272,2,18112,401408,0,CONV_2D,20,548271,27413.55,26773,29059,27.41355,26.773,29.059,0.02456576823097757,14.642685825075556,0.33514448146993003
16,DEPTHWISE_CONV_2D,1x7x7x128,1x7x7x128,6272,6272,12544,1664,6272,12544,6272,2,14208,56448,0,DEPTHWISE_CONV_2D,20,137191,6859.55,6772,7072,6.8595500000000005,6.772,7.072,0.006146964383263101,8.229111239075449,1.7858314320910262
17,CONV_2D,1x7x7x128,1x7x7x128,6272,6272,12544,16896,6272,12544,6272,2,29440,802816,0,CONV_2D,20,1031091,51554.55,49927,55511,51.554550000000006,49.927,55.511,0.04619894638061633,15.57216579331989,0.23761239308654616
18,DEPTHWISE_CONV_2D,1x7x7x128,1x7x7x128,6272,6272,12544,1664,6272,12544,6272,2,14208,56448,0,DEPTHWISE_CONV_2D,20,147807,7390.35,7186,8317,7.390350000000001,7.186,8.317,0.006622623675000322,7.638068562382025,1.657566962322488
19,CONV_2D,1x7x7x128,1x7x7x128,6272,6272,12544,16896,6272,12544,6272,2,29440,802816,0,CONV_2D,20,1026178,51308.9,49890,53128,51.3089,49.89,53.128,0.045978815059939525,15.64672015966041,0.23875000243622452
20,DEPTHWISE_CONV_2D,1x7x7x128,1x7x7x128,6272,6272,12544,1664,6272,12544,6272,2,14208,56448,0,DEPTHWISE_CONV_2D,20,144191,7209.55,6959,8495,7.20955,6.959,8.495,0.006460605589193823,7.829614885811181,1.699135174872218
21,CONV_2D,1x7x7x128,1x7x7x128,6272,6272,12544,16896,6272,12544,6272,2,29440,802816,0,CONV_2D,20,1008215,50410.75,49002,52082,50.41075,49.002,52.082,0.045173966919634725,15.925492082541918,0.24300372440402096
22,DEPTHWISE_CONV_2D,1x7x7x128,1x7x7x128,6272,6272,12544,1664,6272,12544,6272,2,14208,56448,0,DEPTHWISE_CONV_2D,20,161632,8081.6,7809,10423,8.0816,7.809,10.423,0.007242065056713499,6.9847554939615915,1.5157889526826371
23,CONV_2D,1x7x7x128,1x7x7x128,6272,6272,12544,16896,6272,12544,6272,2,29440,802816,0,CONV_2D,20,1014116,50705.8,49023,53945,50.7058,49.023,53.945,0.04543836645623433,15.832823858414619,0.24158971951926603
24,DEPTHWISE_CONV_2D,1x7x7x128,1x7x7x128,6272,6272,12544,1664,6272,12544,6272,2,14208,56448,0,DEPTHWISE_CONV_2D,20,143448,7172.4,6996,8816,7.1724,6.996,8.816,0.006427314815478605,7.870168981094195,1.7079359767999556
25,CONV_2D,1x7x7x128,1x7x7x128,6272,6272,12544,16896,6272,12544,6272,2,29440,802816,0,CONV_2D,20,1020350,51017.5,49803,52385,51.0175,49.803,52.385,0.045717686353058916,15.736090557161758,0.24011368648012937
26,PAD,1x7x7x128,1x8x8x128,6272,8192,14464,32,6272,14464,8192,2,14496,0,8192,PAD,20,39868,1993.4,1853,3280,1.9934,1.853,3.28,0.0017863210854351477,,7.085883415270392
27,DEPTHWISE_CONV_2D,1x8x8x128,1x3x3x128,8192,1152,9344,1664,8192,9344,1152,2,11008,10368,0,DEPTHWISE_CONV_2D,20,43358,2167.9,2089,3175,2.1679,2.089,3.175,0.0019426936295348933,4.782508418284976,4.209142488122146
28,CONV_2D,1x3x3x128,1x3x3x256,1152,2304,3456,33792,1152,3456,2304,2,37248,294912,0,CONV_2D,20,689121,34456.05,33350,36796,34.456050000000005,33.35,36.796,0.03087667735316932,8.55907743342606,0.0979508678446891
29,DEPTHWISE_CONV_2D,1x3x3x256,1x3x3x256,2304,2304,4608,3328,2304,4608,2304,2,7936,20736,0,DEPTHWISE_CONV_2D,20,63620,3181.0,3175,3257,3.181,3.175,3.257,0.0028505505030446496,6.518704809808236,1.4146494812951902
30,CONV_2D,1x3x3x256,1x3x3x256,2304,2304,4608,66560,2304,4608,2304,2,71168,589824,0,CONV_2D,20,2280305,114015.25,113625,115633,114.01525,113.625,115.633,0.10217108715569365,5.173202707532545,0.03946840444589649
31,MEAN,1x3x3x256,1x256,2304,256,2560,8,2304,2560,256,2,2568,0,2304,MEAN,20,66042,3302.1,3131,3952,3.3021,3.131,3.952,0.0029590703602966795,,0.7570939705036189
32,FULLY_CONNECTED,1x256,1x1,256,1,257,260,256,257,1,2,517,256,0,FULLY_CONNECTED,20,4760,238.0,232,266,0.238,0.232,0.266,0.0002132760200328911,1.0756302521008403,1.0545233718487395
33,LOGISTIC,1x1,1x1,1,1,2,0,1,2,1,2,2,0,1,LOGISTIC,20,6382,319.1,315,324,0.31910000000000005,0.315,0.324,0.0002859511680356956,,0.0061207301786273885
