epoch,accuracy,attention_component,attention_gradient_norm,attention_loss,gradient_cosine,hard_gradient_norm,hard_loss,learning_rate,loss,pr_auc,precision,recall,val_accuracy,val_attention_component,val_attention_gradient_norm,val_attention_loss,val_gradient_cosine,val_hard_gradient_norm,val_hard_loss,val_loss,val_pr_auc,val_precision,val_recall,run,epoch_index
0,0.5164166688919067,0.0,0.0,0.0,0.0,3.0963075160980225,0.9654359817504884,0.0003000000142492,0.9654547572135924,0.5195996165275574,0.5173202157020569,0.4903333187103271,0.6150000095367432,0.0,0.0,0.0,0.0,0.0,0.7225435972213745,0.722560465335846,0.6237995624542236,0.6024321913719177,0.6511628031730652,shared_stage_a,1
1,0.6154166460037231,0.0,0.0,0.0,0.0,2.4914793968200684,0.7379560470581055,0.0003000000142492,0.7379713654518127,0.657905101776123,0.6152821779251099,0.6159999966621399,0.6819999814033508,0.0,0.0,0.0,0.0,0.0,0.6313141584396362,0.6313284039497375,0.7305751442909241,0.6685768961906433,0.7077856659889221,shared_stage_a,2
2,0.6580833196640015,0.0,0.0,0.0,0.0,2.3791286945343018,0.6693885326385498,0.0003000000142492,0.6694019436836243,0.7168828845024109,0.6569584608078003,0.6616666913032532,0.7014999985694885,0.0,0.0,0.0,0.0,0.0,0.5964891314506531,0.596501350402832,0.7741560935974121,0.6870229244232178,0.7280080914497375,shared_stage_a,3
3,0.6729166507720947,0.0,0.0,0.0,0.0,2.316145658493042,0.6391056180000305,0.0003000000142492,0.6391168832778931,0.7425262331962585,0.6708944439888,0.6788333058357239,0.7139999866485596,0.0,0.0,0.0,0.0,0.0,0.5731253623962402,0.5731357932090759,0.7943711280822754,0.7234726548194885,0.6825075745582581,shared_stage_a,4
4,0.690833330154419,0.0,0.0,0.0,0.0,2.237064838409424,0.6082964539527893,0.0003000000142492,0.6083060503005981,0.7642732858657837,0.6906427145004272,0.6913333535194397,0.7149999737739563,0.0,0.0,0.0,0.0,0.0,0.5596746802330017,0.5596838593482971,0.8059593439102173,0.7097097039222717,0.7168857455253601,shared_stage_a,5
5,0.6981666684150696,0.0,0.0,0.0,0.0,2.2131552696228027,0.5925498008728027,0.0003000000142492,0.5925584435462952,0.7778477072715759,0.7001009583473206,0.6933333277702332,0.7139999866485596,0.0,0.0,0.0,0.0,0.0,0.5538293719291687,0.5538373589515686,0.8126177191734314,0.6980056762695312,0.7431749105453491,shared_stage_a,6
6,0.7020000219345093,0.0,0.0,0.0,0.0,2.1567652225494385,0.5873538255691528,0.0003000000142492,0.5873613953590393,0.7819315791130066,0.7036975026130676,0.6978333592414856,0.7285000085830688,0.0,0.0,0.0,0.0,0.0,0.5421897172927856,0.5421969294548035,0.8186824321746826,0.7377398610115051,0.6996966600418091,shared_stage_a,7
7,0.7042499780654907,0.0,0.0,0.0,0.0,2.1157379150390625,0.5780160427093506,0.0003000000142492,0.5780227780342102,0.7870757579803467,0.7090227007865906,0.6928333044052124,0.7275000214576721,0.0,0.0,0.0,0.0,0.0,0.5369285941123962,0.5369350910186768,0.8226236701011658,0.7265306115150452,0.7199190855026245,shared_stage_a,8
0,0.715499997138977,0.0,0.0,0.0,0.0,9.839174270629885,0.5671950578689575,2.9999999242136255e-05,0.5672014951705933,0.7978758811950684,0.7220123410224915,0.7008333206176758,0.7465000152587891,0.0,0.0,0.0,0.0,0.0,0.5280812978744507,0.528087854385376,0.8250278234481812,0.7744874954223633,0.6875631809234619,attention_control,1
1,0.7214166522026062,0.0,0.0,0.0,0.0,9.071165084838867,0.5546731352806091,2.9999999242136255e-05,0.554679811000824,0.8054473996162415,0.7306023240089417,0.7014999985694885,0.7429999709129333,0.0,0.0,0.0,0.0,0.0,0.5171419382095337,0.5171484351158142,0.8360077738761902,0.7281460165977478,0.7664307355880737,attention_control,2
2,0.737500011920929,0.0,0.0,0.0,0.0,8.608840942382812,0.5403292775154114,2.9999999242136255e-05,0.5403358340263367,0.8205734491348267,0.7475677728652954,0.7171666622161865,0.7519999742507935,0.0,0.0,0.0,0.0,0.0,0.5095959305763245,0.5096022486686707,0.840748131275177,0.7443012595176697,0.7593528628349304,attention_control,3
3,0.7463333606719971,0.0,0.0,0.0,0.0,8.648512840270996,0.5286108255386353,2.9999999242136255e-05,0.5286173820495605,0.833130419254303,0.7592073082923889,0.7214999794960022,0.7490000128746033,0.0,0.0,0.0,0.0,0.0,0.5230186581611633,0.5230251550674438,0.8464441895484924,0.834938108921051,0.6137512922286987,attention_control,4
4,0.7514166831970215,0.0,0.0,0.0,0.0,8.358715057373047,0.5215080380439758,2.9999999242136255e-05,0.5215142965316772,0.834086000919342,0.7663782238960266,0.7233333587646484,0.7634999752044678,0.0,0.0,0.0,0.0,0.0,0.5072256922721863,0.5072320699691772,0.8444459438323975,0.7879464030265808,0.7138524055480957,attention_control,5
5,0.749666690826416,0.0,0.0,0.0,0.0,8.555085182189941,0.5170525312423706,2.9999999242136255e-05,0.5170595049858093,0.841645359992981,0.7627148628234863,0.7248333096504211,0.7549999952316284,0.0,0.0,0.0,0.0,0.0,0.5232803225517273,0.5232864618301392,0.8416299819946289,0.7194371223449707,0.8270980715751648,attention_control,6
6,0.753000020980835,0.0,0.0,0.0,0.0,7.976296424865723,0.5152339935302734,2.9999999242136255e-05,0.5152401328086853,0.8413947224617004,0.766222357749939,0.7281666398048401,0.7599999904632568,0.0,0.0,0.0,0.0,0.0,0.5033642053604126,0.5033706426620483,0.8487154841423035,0.8115054965019226,0.6703740954399109,attention_control,7
7,0.7609999775886536,0.0,0.0,0.0,0.0,8.108452796936035,0.5093578100204468,2.9999999242136255e-05,0.5093641877174377,0.8458614945411682,0.7758985161781311,0.734000027179718,0.7705000042915344,0.0,0.0,0.0,0.0,0.0,0.501717746257782,0.5017240047454834,0.8500874638557434,0.7538314461708069,0.7957533001899719,attention_control,8
8,0.7572500109672546,0.0,0.0,0.0,0.0,8.410816192626953,0.5103790760040283,2.9999999242136255e-05,0.510385274887085,0.8457626700401306,0.7715039849281311,0.7310000061988831,0.7630000114440918,0.0,0.0,0.0,0.0,0.0,0.4969458281993866,0.4969522356986999,0.8510173559188843,0.7707676291465759,0.7411527037620544,attention_control,9
9,0.7586666941642761,0.0,0.0,0.0,0.0,8.085790634155273,0.5058010816574097,2.9999999242136255e-05,0.5058073997497559,0.8496801853179932,0.7751772999763489,0.7286666631698608,0.7639999985694885,0.0,0.0,0.0,0.0,0.0,0.4910801947116852,0.4910865128040313,0.8538315892219543,0.7782561779022217,0.731041431427002,attention_control,10
10,0.7615000009536743,0.0,0.0,0.0,0.0,7.976350784301758,0.501923680305481,2.9999999242136255e-05,0.5019300580024719,0.8539557456970215,0.7770127058029175,0.7335000038146973,0.7664999961853027,0.0,0.0,0.0,0.0,0.0,0.4924801588058471,0.4924865663051605,0.8533614277839661,0.7965909242630005,0.7087967395782471,attention_control,11
11,0.7632499933242798,0.0,0.0,0.0,0.0,7.97311544418335,0.5000684857368469,2.9999999242136255e-05,0.5000748038291931,0.8543233871459961,0.7801028490066528,0.7331666946411133,0.762499988079071,0.0,0.0,0.0,0.0,0.0,0.4933190047740936,0.4933255016803741,0.8558606505393982,0.7485493421554565,0.782608687877655,attention_control,12
12,0.7668333053588867,0.0,0.0,0.0,0.0,8.15124225616455,0.4923127889633178,2.9999999242136255e-05,0.4923194050788879,0.8603764176368713,0.7841675281524658,0.7363333106040955,0.7699999809265137,0.0,0.0,0.0,0.0,0.0,0.4942638576030731,0.4942701756954193,0.8587431311607361,0.8269468545913696,0.6764408349990845,attention_control,13
13,0.7665833234786987,0.0,0.0,0.0,0.0,8.116436004638672,0.4954581260681152,2.9999999242136255e-05,0.4954647719860077,0.856184720993042,0.7801716327667236,0.7423333525657654,0.7710000276565552,0.0,0.0,0.0,0.0,0.0,0.4899493455886841,0.489955723285675,0.8591997027397156,0.7540670037269592,0.7967644333839417,attention_control,14
14,0.7705833315849304,0.0,0.0,0.0,0.0,8.053511619567871,0.489749014377594,2.9999999242136255e-05,0.4897556900978088,0.8624175786972046,0.7845749258995056,0.7459999918937683,0.7634999752044678,0.0,0.0,0.0,0.0,0.0,0.4949450492858886,0.4949514865875244,0.8565038442611694,0.7443181872367859,0.7947421669960022,attention_control,15
15,0.7718333601951599,0.0,0.0,0.0,0.0,7.889385223388672,0.4892677962779999,2.9999999242136255e-05,0.4892739653587341,0.8621833920478821,0.7871478796005249,0.7451666593551636,0.7670000195503235,0.0,0.0,0.0,0.0,0.0,0.4839625954627991,0.4839688241481781,0.8597385287284851,0.77267986536026,0.7492416501045227,attention_control,16
16,0.7709166407585144,0.0,0.0,0.0,0.0,7.962843894958496,0.489173948764801,2.9999999242136255e-05,0.4891802072525024,0.8610708713531494,0.7888750433921814,0.7398333549499512,0.7720000147819519,0.0,0.0,0.0,0.0,0.0,0.4909261763095855,0.4909327328205108,0.8630161285400391,0.8318804502487183,0.6754297018051147,attention_control,17
17,0.7738333344459534,0.0,0.0,0.0,0.0,7.824535846710205,0.4864081740379333,2.9999999242136255e-05,0.4864143431186676,0.8631055951118469,0.7889553308486938,0.7476666569709778,0.7710000276565552,0.0,0.0,0.0,0.0,0.0,0.4953717887401581,0.4953784644603729,0.8568175435066223,0.8218181729316711,0.6855409741401672,attention_control,18
18,0.7747499942779541,0.0,0.0,0.0,0.0,7.690707206726074,0.4835670292377472,2.9999999242136255e-05,0.4835734963417053,0.8656189441680908,0.791202962398529,0.7465000152587891,0.7674999833106995,0.0,0.0,0.0,0.0,0.0,0.4876328706741333,0.4876393675804138,0.8608613610267639,0.7817204594612122,0.7350859642028809,attention_control,19
19,0.7764166593551636,0.0,0.0,0.0,0.0,8.044575691223145,0.4839650094509125,2.9999999242136255e-05,0.4839713871479034,0.865104079246521,0.7903028130531311,0.7524999976158142,0.7710000276565552,0.0,0.0,0.0,0.0,0.0,0.4912793636322021,0.4912857115268707,0.8584150075912476,0.7723076939582825,0.7613751292228699,attention_control,20
0,0.7108333110809326,0.2190105319023132,0.6095452308654785,0.0480942800641059,0.0039259456098079,9.767147064208984,0.5694452524185181,2.9999999242136255e-05,0.7884621024131775,0.79354327917099,0.7181034684181213,0.6941666603088379,0.7429999709129333,0.1736199408769607,0.0,0.038126602768898,0.0,0.0,0.5270161032676697,0.7006425261497498,0.8250572681427002,0.7653631567955017,0.6926187872886658,attention_transfer,1
1,0.7230833172798157,0.1623881161212921,0.4016997516155243,0.0356601066887378,-0.0004866353992838,8.976381301879883,0.5536218881607056,2.9999999242136255e-05,0.716016411781311,0.8052607178688049,0.7310547232627869,0.7058333158493042,0.7415000200271606,0.1485971510410308,0.0,0.0326316393911838,0.0,0.0,0.5279245376586914,0.6765281558036804,0.8286350965499878,0.7157221436500549,0.791708767414093,attention_transfer,2
2,0.7327499985694885,0.1354786604642868,0.350890576839447,0.0297508537769317,0.0002306600217707,8.748127937316895,0.542768120765686,2.9999999242136255e-05,0.6782529950141907,0.8172273635864258,0.7456464171409607,0.7064999938011169,0.7419999837875366,0.1350017040967941,0.0,0.0296461060643196,0.0,0.0,0.5149635672569275,0.6499717235565186,0.8339650630950928,0.7410805225372314,0.7350859642028809,attention_transfer,3
3,0.7455000281333923,0.1170583516359329,0.3283385336399078,0.0257057771086692,0.0033681790810078,8.625650405883789,0.5303879380226135,2.9999999242136255e-05,0.6474525332450867,0.828362762928009,0.7589662671089172,0.7195000052452087,0.753000020980835,0.1236461624503135,0.0,0.0271524507552385,0.0,0.0,0.5219118595123291,0.6455643773078918,0.8404849767684937,0.8295605778694153,0.62992924451828,attention_transfer,4
4,0.7463333606719971,0.1045997217297554,0.2964450418949127,0.0229698941111564,0.0057278969325125,8.265998840332031,0.5255963206291199,2.9999999242136255e-05,0.6302021741867065,0.8294661045074463,0.7617782354354858,0.7168333530426025,0.7634999752044678,0.115918144583702,0.0,0.0254553984850645,0.0,0.0,0.5071516633033752,0.6230762600898743,0.8430159687995911,0.8021077513694763,0.6926187872886658,attention_transfer,5
5,0.746999979019165,0.0954808145761489,0.2822900414466858,0.0209673978388309,0.0090216100215911,8.487347602844238,0.5238571763038635,2.9999999242136255e-05,0.6193445920944214,0.8332492113113403,0.7613756656646729,0.7195000052452087,0.7494999766349792,0.1096026748418808,0.0,0.0240685325115919,0.0,0.0,0.525438129901886,0.6350472569465637,0.8387901782989502,0.7140350937843323,0.8230535984039307,attention_transfer,6
6,0.7493333220481873,0.0907409787178039,0.2660616040229797,0.0199265386909246,0.017541829496622,8.303050994873047,0.5169633626937866,2.9999999242136255e-05,0.6077107191085815,0.8405142426490784,0.7632876038551331,0.7228333353996277,0.7584999799728394,0.1063608303666114,0.0,0.0233566220849752,0.0,0.0,0.5045227408409119,0.6108899116516113,0.8477128148078918,0.8154613375663757,0.6612740159034729,attention_transfer,7
7,0.753000020980835,0.0861414819955825,0.258094310760498,0.0189165044575929,0.0113823013380169,8.294089317321777,0.5133601427078247,2.9999999242136255e-05,0.5995079874992371,0.8407589793205261,0.7673476338386536,0.7261666655540466,0.7615000009536743,0.1025546863675117,0.0,0.0225208085030317,0.0,0.0,0.5014509558677673,0.6040120720863342,0.8504921197891235,0.7424242496490479,0.7927199006080627,attention_transfer,8
8,0.753333330154419,0.0819718912243843,0.2374288588762283,0.0180008690804243,0.0208850055932998,8.550729751586914,0.5136749744415283,2.9999999242136255e-05,0.5956529378890991,0.8415247201919556,0.767417311668396,0.7269999980926514,0.765500009059906,0.097672663629055,0.0,0.0214487221091985,0.0,0.0,0.4948220252990722,0.592501163482666,0.8519756197929382,0.7760084867477417,0.739130437374115,attention_transfer,9
9,0.7578333616256714,0.0793336778879165,0.2296774238348007,0.0174215082079172,0.0141484104096889,8.339576721191406,0.5063619613647461,2.9999999242136255e-05,0.5857022404670715,0.8512079119682312,0.7739022374153137,0.7285000085830688,0.765500009059906,0.0979612842202186,0.0,0.021512109786272,0.0,0.0,0.4966080784797668,0.594575822353363,0.8487184047698975,0.7748414278030396,0.7411527037620544,attention_transfer,10
10,0.7557500004768372,0.0778750777244567,0.2296022772789001,0.0171012245118618,0.013841145671904,8.055618286132812,0.507088840007782,2.9999999242136255e-05,0.5849704146385193,0.8485913276672363,0.7727030515670776,0.7246666550636292,0.7605000138282776,0.0971262827515602,0.0,0.0213287360966205,0.0,0.0,0.4954394400119781,0.5925723314285278,0.8522909283638,0.7884615659713745,0.7047522664070129,attention_transfer,11
11,0.7580833435058594,0.0763737708330154,0.2270570248365402,0.0167715214192867,0.0127448653802275,7.993723392486572,0.5075815320014954,2.9999999242136255e-05,0.5839612483978271,0.8491310477256775,0.7749955654144287,0.7273333072662354,0.7705000042915344,0.0949273705482482,0.0,0.0208458676934242,0.0,0.0,0.4965564012527466,0.5914900898933411,0.8551369905471802,0.7592955231666565,0.7846309542655945,attention_transfer,12
12,0.7630000114440918,0.0747484862804412,0.2231818586587906,0.0164146218448877,0.0231618750840425,8.22844409942627,0.4970435500144958,2.9999999242136255e-05,0.5717983841896057,0.8571348190307617,0.7794898748397827,0.7335000038146973,0.7664999961853027,0.0933022424578666,0.0,0.0204889867454767,0.0,0.0,0.5051309466362,0.5984395146369934,0.8521162271499634,0.8452380895614624,0.6461071968078613,attention_transfer,13
13,0.7613333463668823,0.0735370144248008,0.2176990360021591,0.0161485914140939,0.0250706374645233,8.249476432800293,0.5017099976539612,2.9999999242136255e-05,0.5752536058425903,0.8526896834373474,0.7781128287315369,0.731166660785675,0.7674999833106995,0.0912433713674545,0.0,0.0200368631631135,0.0,0.0,0.4971641302108764,0.5884138941764832,0.8545055389404297,0.7476370334625244,0.799797773361206,attention_transfer,14
14,0.7663333415985107,0.0722789168357849,0.2169974595308303,0.0158723127096891,0.0228067468851804,8.142720222473145,0.4969154894351959,2.9999999242136255e-05,0.5692005157470703,0.8565970063209534,0.7821327447891235,0.7383333444595337,0.7664999961853027,0.0900186747312545,0.0,0.0197679232805967,0.0,0.0,0.4966624081134796,0.5866875648498535,0.8539847135543823,0.7548828125,0.7815975546836853,attention_transfer,15
15,0.7718333601951599,0.0718946158885955,0.2131005674600601,0.0157879181206226,0.015619670972228,7.915688037872315,0.4893500506877899,8.999999408842996e-06,0.5612511038780212,0.8632445335388184,0.7876543402671814,0.7443333268165588,0.7674999833106995,0.0903523713350296,0.0,0.0198412016034126,0.0,0.0,0.4877924621105194,0.578151285648346,0.8573392629623413,0.7904656529426575,0.7209302186965942,attention_transfer,16
16,0.7729166746139526,0.0713497847318649,0.2101520448923111,0.0156682692468166,0.0102738281711936,7.956898212432861,0.4881485104560852,8.999999408842996e-06,0.5595045685768127,0.8632115125656128,0.7902854084968567,0.7429999709129333,0.7645000219345093,0.091245599091053,0.0,0.0200373567640781,0.0,0.0,0.4897751212120056,0.5810272693634033,0.8565572500228882,0.7949886322021484,0.7057633996009827,attention_transfer,17
17,0.7716666460037231,0.0712374597787857,0.2111266702413559,0.0156436152756214,0.0080699482932686,7.995660781860352,0.4892377555370331,8.999999408842996e-06,0.5604814291000366,0.8621315956115723,0.7875794172286987,0.7440000176429749,0.7680000066757202,0.0896455571055412,0.0,0.0196859817951917,0.0,0.0,0.4921786189079284,0.581830620765686,0.8553546071052551,0.8027681708335876,0.7037411332130432,attention_transfer,18
18,0.7753333449363708,0.0709109529852867,0.2067396789789199,0.0155718997120857,0.0096658822149038,8.096460342407227,0.4853070974349975,8.999999408842996e-06,0.556224524974823,0.8656734228134155,0.7915636897087097,0.7475000023841858,0.7705000042915344,0.0903286263346672,0.0,0.0198359824717044,0.0,0.0,0.4906821250915527,0.5810171365737915,0.8574434518814087,0.8074246048927307,0.7037411332130432,attention_transfer,19
19,0.7773333191871643,0.0705421417951583,0.2072189748287201,0.0154909119009971,0.0069510745815932,8.126178741455078,0.4850465059280395,8.999999408842996e-06,0.555595338344574,0.8665212988853455,0.7942008376121521,0.7486666440963745,0.7730000019073486,0.0905477702617645,0.0,0.0198841132223606,0.0,0.0,0.489955723285675,0.5805100202560425,0.8573521971702576,0.7743589878082275,0.7633973956108093,attention_transfer,20
